CREATE DATABASE  IF NOT EXISTS `db20200213` /*!40100 DEFAULT CHARACTER SET utf8 */;
USE `db20200213`;
-- MySQL dump 10.13  Distrib 5.7.24, for Win64 (x86_64)
--
-- Host: localhost    Database: db20200213
-- ------------------------------------------------------
-- Server version	5.7.24-log

/*!40101 SET @OLD_CHARACTER_SET_CLIENT=@@CHARACTER_SET_CLIENT */;
/*!40101 SET @OLD_CHARACTER_SET_RESULTS=@@CHARACTER_SET_RESULTS */;
/*!40101 SET @OLD_COLLATION_CONNECTION=@@COLLATION_CONNECTION */;
/*!40101 SET NAMES utf8 */;
/*!40103 SET @OLD_TIME_ZONE=@@TIME_ZONE */;
/*!40103 SET TIME_ZONE='+00:00' */;
/*!40014 SET @OLD_UNIQUE_CHECKS=@@UNIQUE_CHECKS, UNIQUE_CHECKS=0 */;
/*!40014 SET @OLD_FOREIGN_KEY_CHECKS=@@FOREIGN_KEY_CHECKS, FOREIGN_KEY_CHECKS=0 */;
/*!40101 SET @OLD_SQL_MODE=@@SQL_MODE, SQL_MODE='NO_AUTO_VALUE_ON_ZERO' */;
/*!40111 SET @OLD_SQL_NOTES=@@SQL_NOTES, SQL_NOTES=0 */;

--
-- Table structure for table `商品清单`
--

DROP TABLE IF EXISTS `商品清单`;
/*!40101 SET @saved_cs_client     = @@character_set_client */;
/*!40101 SET character_set_client = utf8 */;
CREATE TABLE `商品清单` (
  `商品编号` varchar(255) NOT NULL,
  `商品名称` varchar(255) DEFAULT NULL,
  `商品单价` decimal(25,2) NOT NULL,
  `商户代码` varchar(255) NOT NULL,
  `商品状态` int(65) DEFAULT NULL,
  `属性1` varchar(255) DEFAULT NULL,
  `属性2` varchar(255) DEFAULT NULL,
  `属性3` varchar(255) DEFAULT NULL,
  `备注` varchar(255) DEFAULT NULL,
  PRIMARY KEY (`商品编号`),
  KEY `商品对应的供应商号` (`商户代码`),
  CONSTRAINT `商品对应的供应商号` FOREIGN KEY (`商户代码`) REFERENCES `商户信息表` (`商户代码`)
) ENGINE=InnoDB DEFAULT CHARSET=utf8;
/*!40101 SET character_set_client = @saved_cs_client */;

--
-- Dumping data for table `商品清单`
--

LOCK TABLES `商品清单` WRITE;
/*!40000 ALTER TABLE `商品清单` DISABLE KEYS */;
INSERT INTO `商品清单` VALUES ('S000001','平装鲜牛奶',3.50,'A00001',1,'1袋',NULL,NULL,NULL),('S000002','箱装鲜牛奶',52.50,'A00001',1,'15袋',NULL,NULL,NULL),('S000003','箱装鲜牛奶',70.00,'A00001',1,'20袋',NULL,NULL,NULL),('S000004','箱装鲜牛奶',85.00,'A00001',1,'25袋',NULL,NULL,'特惠价'),('S000005','瓶装当日酸奶',4.00,'A00001',1,'1瓶',NULL,NULL,NULL),('S000006','夏季校服',138.00,'A00002',0,'女','xs','上衣',NULL),('S000007','夏季校服',138.00,'A00002',0,'女','s','上衣',NULL),('S000008','夏季校服',138.00,'A00002',0,'女','m','上衣',NULL),('S000009','夏季校服',138.00,'A00002',0,'女','l','上衣',NULL),('S000010','夏季校服',138.00,'A00002',0,'女','xl','上衣',NULL),('S000011','夏季校服',138.00,'A00002',0,'女','xxl','上衣',NULL),('S000012','夏季校服',138.00,'A00002',0,'女','xxxl','上衣',NULL),('S000013','夏季校服',138.00,'A00002',0,'男','s','上衣',NULL),('S000014','夏季校服',138.00,'A00002',0,'男','m','上衣',NULL),('S000015','夏季校服',138.00,'A00002',0,'男','l','上衣',NULL),('S000016','夏季校服',138.00,'A00002',0,'男','xl','上衣',NULL),('S000017','夏季校服',138.00,'A00002',0,'男','xxl','上衣',NULL),('S000018','夏季校服',138.00,'A00002',0,'男','xxxl','上衣',NULL),('S000019','夏季校服',138.00,'A00002',0,'男','xxxxl','上衣',NULL),('S000020','夏季校服',138.00,'A00002',0,'女','xs','裙装',NULL),('S000021','夏季校服',138.00,'A00002',0,'女','s','裙装',NULL),('S000022','夏季校服',138.00,'A00002',0,'女','m','裙装',NULL),('S000023','夏季校服',138.00,'A00002',0,'女','l','裙装',NULL),('S000024','夏季校服',138.00,'A00002',0,'女','xl','裙装',NULL),('S000025','夏季校服',138.00,'A00002',0,'女','xxl','裙装',NULL),('S000026','夏季校服',138.00,'A00002',0,'女','xxxl','裙装',NULL),('S000027','夏季校服',138.00,'A00002',0,'男','s','裤装',NULL),('S000028','夏季校服',138.00,'A00002',0,'男','m','裤装',NULL),('S000029','夏季校服',138.00,'A00002',0,'男','l','裤装',NULL),('S000030','夏季校服',138.00,'A00002',0,'男','xl','裤装',NULL),('S000031','夏季校服',138.00,'A00002',0,'男','xxl','裤装',NULL),('S000032','夏季校服',138.00,'A00002',0,'男','xxxl','裤装',NULL),('S000033','夏季校服',138.00,'A00002',0,'男','xxxxl','裤装',NULL),('S000034','春秋校服',188.00,'A00002',1,'女','xs','上衣',NULL),('S000035','春秋校服',188.00,'A00002',1,'女','s','上衣',NULL),('S000036','春秋校服',188.00,'A00002',1,'女','m','上衣',NULL),('S000037','春秋校服',188.00,'A00002',1,'女','l','上衣',NULL),('S000038','春秋校服',188.00,'A00002',1,'女','xl','上衣',NULL),('S000039','春秋校服',188.00,'A00002',1,'女','xxl','上衣',NULL),('S000040','春秋校服',188.00,'A00002',1,'女','xxxl','上衣',NULL),('S000041','春秋校服',188.00,'A00002',1,'男','s','上衣',NULL),('S000042','春秋校服',188.00,'A00002',1,'男','m','上衣',NULL),('S000043','春秋校服',188.00,'A00002',1,'男','l','上衣',NULL),('S000044','春秋校服',188.00,'A00002',1,'男','xl','上衣',NULL),('S000045','春秋校服',188.00,'A00002',1,'男','xxl','上衣',NULL),('S000046','春秋校服',188.00,'A00002',1,'男','xxxl','上衣',NULL),('S000047','春秋校服',188.00,'A00002',1,'男','xxxxl','上衣',NULL),('S000048','春秋校服',188.00,'A00002',1,'女','xs','裤装',NULL),('S000049','春秋校服',188.00,'A00002',1,'女','s','裤装',NULL),('S000050','春秋校服',188.00,'A00002',1,'女','m','裤装',NULL),('S000051','春秋校服',188.00,'A00002',1,'女','l','裤装',NULL),('S000052','春秋校服',188.00,'A00002',1,'女','xl','裤装',NULL),('S000053','春秋校服',188.00,'A00002',1,'女','xxl','裤装',NULL),('S000054','春秋校服',188.00,'A00002',1,'女','xxxl','裤装',NULL),('S000055','春秋校服',188.00,'A00002',1,'男','s','裤装',NULL),('S000056','春秋校服',188.00,'A00002',1,'男','m','裤装',NULL),('S000057','春秋校服',188.00,'A00002',1,'男','l','裤装',NULL),('S000058','春秋校服',188.00,'A00002',1,'男','xl','裤装',NULL),('S000059','春秋校服',188.00,'A00002',1,'男','xxl','裤装',NULL),('S000060','春秋校服',188.00,'A00002',1,'男','xxxl','裤装',NULL),('S000061','春秋校服',188.00,'A00002',1,'男','xxxxl','裤装',NULL),('S000062','冬季校服',200.00,'A00002',1,'女','xs','外套',NULL),('S000063','冬季校服',200.00,'A00002',1,'女','s','外套',NULL),('S000064','冬季校服',200.00,'A00002',1,'女','m','外套',NULL),('S000065','冬季校服',200.00,'A00002',1,'女','l','外套',NULL),('S000066','冬季校服',200.00,'A00002',1,'女','xl','外套',NULL),('S000067','冬季校服',200.00,'A00002',1,'女','xxl','外套',NULL),('S000068','冬季校服',200.00,'A00002',1,'女','xxxl','外套',NULL),('S000069','冬季校服',200.00,'A00002',1,'男','s','外套',NULL),('S000070','冬季校服',200.00,'A00002',1,'男','m','外套',NULL),('S000071','冬季校服',200.00,'A00002',1,'男','l','外套',NULL),('S000072','冬季校服',200.00,'A00002',1,'男','xl','外套',NULL),('S000073','冬季校服',200.00,'A00002',1,'男','xxl','外套',NULL),('S000074','冬季校服',200.00,'A00002',1,'男','xxxl','外套',NULL),('S000075','冬季校服',200.00,'A00002',1,'男','xxxxl','外套',NULL),('S000076','冬季校服',200.00,'A00002',1,'女','xs','裤装',NULL),('S000077','冬季校服',200.00,'A00002',1,'女','s','裤装',NULL),('S000078','冬季校服',200.00,'A00002',1,'女','m','裤装',NULL),('S000079','冬季校服',200.00,'A00002',1,'女','l','裤装',NULL),('S000080','冬季校服',200.00,'A00002',1,'女','xl','裤装',NULL),('S000081','冬季校服',200.00,'A00002',1,'女','xxl','裤装',NULL),('S000082','冬季校服',200.00,'A00002',1,'女','xxxl','裤装',NULL),('S000083','冬季校服',200.00,'A00002',1,'男','s','裤装',NULL),('S000084','冬季校服',200.00,'A00002',1,'男','m','裤装',NULL),('S000085','冬季校服',200.00,'A00002',1,'男','l','裤装',NULL),('S000086','冬季校服',200.00,'A00002',1,'男','xl','裤装',NULL),('S000087','冬季校服',200.00,'A00002',1,'男','xxl','裤装',NULL),('S000088','冬季校服',200.00,'A00002',1,'男','xxxl','裤装',NULL),('S000089','冬季校服',200.00,'A00002',1,'男','xxxxl','裤装',NULL),('S000090','宿舍本月待缴电费',0.00,'A00003',1,NULL,NULL,NULL,'由后台自动生成本月待缴订单（暂不考虑国家补助部分）'),('S000091','宿舍空调充值',50.00,'A00003',1,'50元',NULL,NULL,NULL),('S000092','宿舍空调充值',100.00,'A00003',1,'100元',NULL,NULL,NULL),('S000093','宿舍空调充值',200.00,'A00003',1,'200元',NULL,NULL,NULL),('S000094','学年住宿费',1000.00,'A00004',0,'1000元宿舍',NULL,NULL,'由后台自动生成（学年初，与教材订单合并）本月待缴订单'),('S000095','学年住宿费',1200.00,'A00004',0,'1200元宿舍',NULL,NULL,'由后台自动生成（学年初，与教材订单合并）本月待缴订单'),('S000096','学年住宿费',1500.00,'A00004',0,'1500元宿舍',NULL,NULL,'由后台自动生成（学年初，与教材订单合并）本月待缴订单'),('S000097','学年住宿费',2000.00,'A00004',0,'2000元宿舍',NULL,NULL,'由后台自动生成（学年初，与教材订单合并）本月待缴订单'),('S000098','宿舍本月待缴水费',0.00,'A00005',1,NULL,NULL,NULL,'由后台自动生成本月待缴订单（暂不考虑国家补助部分）'),('S000099','本科统一教材',54.14,'A00006',0,'本科一批','第1学期','大学计算机信息技术',NULL),('S000100','本科统一教材',34.84,'A00006',0,'本科一批','第1学期','大学英语1',NULL),('S000101','本科统一教材',30.88,'A00006',0,'本科一批','第2学期','大学英语2',NULL),('S000102','本科统一教材',72.69,'A00006',0,'本科一批','第3学期','大学英语3',NULL),('S000103','本科统一教材',40.48,'A00006',0,'本科一批','第4学期','大学英语4',NULL),('S000104','本科统一教材',70.20,'A00006',0,'本科一批','第1学期','大学普通物理1',NULL),('S000105','本科统一教材',65.75,'A00006',0,'本科一批','第2学期','大学普通物理2',NULL),('S000106','本科统一教材',89.89,'A00006',0,'本科一批','第1学期','高等数学1',NULL),('S000107','本科统一教材',45.24,'A00006',0,'本科一批','第2学期','高等数学2',NULL),('S000108','本科统一教材',39.95,'A00006',0,'本科一批','第1学期','线性代数',NULL),('S000109','本科统一教材',60.36,'A00006',0,'本科一批','第2学期','概率论与数理统计',NULL),('S000110','本科统一教材',56.22,'A00006',0,'本科一批','第1学期','体育与健康1',NULL),('S000111','本科统一教材',57.37,'A00006',0,'本科一批','第2学期','体育与健康2',NULL),('S000112','本科统一教材',42.81,'A00006',0,'本科一批','第3学期','体育与健康3',NULL),('S000113','本科统一教材',57.98,'A00006',0,'本科一批','第4学期','体育与健康4',NULL),('S000114','本科统一教材',65.22,'A00006',0,'本科一批','第1学期','思想道德修养',NULL),('S000115','本科统一教材',81.28,'A00006',0,'本科一批','第2学期','马克思主义原理',NULL),('S000116','本科统一教材',81.44,'A00006',0,'本科一批','第3学期','近代史纲要',NULL),('S000117','本科统一教材',64.77,'A00006',0,'本科一批','第4学期','毛泽东思想概论',NULL),('S000118','本科统一教材',71.15,'A00006',0,'本科一批','第1学期','形势与政策1',NULL),('S000119','本科统一教材',88.46,'A00006',0,'本科一批','第2学期','形势与政策2',NULL),('S000120','本科统一教材',48.80,'A00006',0,'本科一批','第1学期','职业生涯规划1',NULL),('S000121','本科统一教材',63.65,'A00006',0,'本科一批','第2学期','职业生涯规划2',NULL),('S000122','计算机科学与技术学院教材',39.18,'A00006',0,'计算机科学与技术','第1学期','面向对象与C++程序设计',NULL),('S000123','计算机科学与技术学院教材',78.40,'A00006',0,'计算机科学与技术','第2学期','程序设计课程实践',NULL),('S000124','计算机科学与技术学院教材',25.52,'A00006',0,'计算机科学与技术','第2学期','信息检索综合实践',NULL),('S000125','计算机科学与技术学院教材',51.19,'A00006',0,'计算机科学与技术','第3学期','计算机组成及系统结构',NULL),('S000126','计算机科学与技术学院教材',38.33,'A00006',0,'计算机科学与技术','第4学期','编译原理',NULL),('S000127','计算机科学与技术学院教材',44.09,'A00006',0,'计算机科学与技术','第3学期','数据库原理与设计',NULL),('S000128','计算机科学与技术学院教材',59.18,'A00006',0,'计算机科学与技术','第4学期','数据库课程实践',NULL),('S000129','计算机科学与技术学院教材',43.84,'A00006',0,'计算机科学与技术','第4学期','Java程序设计',NULL),('S000130','计算机科学与技术学院教材',78.11,'A00006',0,'计算机科学与技术','第5学期','微型计算机技术',NULL),('S000131','计算机科学与技术学院教材',42.13,'A00006',0,'计算机科学与技术','第5学期','操作系统课程实践',NULL),('S000132','计算机科学与技术学院教材',67.39,'A00006',0,'计算机科学与技术','第6学期','Linux操作系统',NULL),('S000133','计算机科学与技术学院教材',27.84,'A00006',0,'计算机科学与技术','第6学期','综合项目实践',NULL),('S000134','计算机科学与技术学院教材',67.97,'A00006',0,'计算机科学与技术','第6学期','嵌入式系统及应用',NULL),('S000135','计算机科学与技术学院教材',36.61,'A00006',0,'计算机科学与技术','第5学期','C语言程序设计',NULL),('S000136','计算机科学与技术学院教材',83.76,'A00006',0,'计算机科学与技术','第7学期','数据仓库与数据挖掘',NULL),('S000137','计算机科学与技术学院教材',46.40,'A00006',0,'人工智能专业','第1学期','数据结构',NULL),('S000138','计算机科学与技术学院教材',78.16,'A00006',0,'人工智能专业','第2学期','离散数学',NULL),('S000139','计算机科学与技术学院教材',43.54,'A00006',0,'人工智能专业','第3学期','神经网络原理',NULL),('S000140','计算机科学与技术学院教材',85.83,'A00006',0,'人工智能专业','第3学期','操作系统',NULL),('S000141','计算机科学与技术学院教材',31.91,'A00006',0,'人工智能专业','第3学期','知识表示',NULL),('S000142','计算机科学与技术学院教材',52.33,'A00006',0,'人工智能专业','第4学期','计算机组成与系统结构',NULL),('S000143','计算机科学与技术学院教材',90.61,'A00006',0,'人工智能专业','第4学期','AI算法设计与分析',NULL),('S000144','计算机科学与技术学院教材',53.00,'A00006',0,'人工智能专业','第4学期','机器学习',NULL),('S000145','计算机科学与技术学院教材',86.59,'A00006',0,'人工智能专业','第5学期','神经网络原理',NULL),('S000146','计算机科学与技术学院教材',81.54,'A00006',0,'人工智能专业','第5学期','操作系统',NULL),('S000147','计算机科学与技术学院教材',72.11,'A00006',0,'人工智能专业','第5学期','知识表示',NULL),('S000148','计算机科学与技术学院教材',26.49,'A00006',0,'人工智能专业','第5学期','计算机组成与系统结构',NULL),('S000149','计算机科学与技术学院教材',51.79,'A00006',0,'人工智能专业','第6学期','文献阅读和科技写作',NULL),('S000150','计算机科学与技术学院教材',50.83,'A00006',0,'人工智能专业','第6学期','机器学习',NULL),('S000151','计算机科学与技术学院教材',90.08,'A00006',0,'人工智能专业','第6学期','专家系统',NULL),('S000152','计算机科学与技术学院教材',37.46,'A00006',0,'人工智能专业','第7学期','编译原理',NULL),('S000153','计算机科学与技术学院教材',71.65,'A00006',0,'软件工程专业','第1学期','面向对象与JAVA程序设计',NULL),('S000154','计算机科学与技术学院教材',57.33,'A00006',0,'软件工程专业','第2学期','程序设计课程实践',NULL),('S000155','计算机科学与技术学院教材',54.69,'A00006',0,'软件工程专业','第2学期','信息检索综合实践',NULL),('S000156','计算机科学与技术学院教材',71.92,'A00006',0,'软件工程专业','第3学期','计算机硬件基础',NULL),('S000157','计算机科学与技术学院教材',71.56,'A00006',0,'软件工程专业','第3学期','数据库原理与设计',NULL),('S000158','计算机科学与技术学院教材',34.95,'A00006',0,'软件工程专业','第4学期','数据库课程实践',NULL),('S000159','计算机科学与技术学院教材',48.32,'A00006',0,'软件工程专业','第4学期','软件系统分析与设计',NULL),('S000160','计算机科学与技术学院教材',31.60,'A00006',0,'软件工程专业','第5学期','软件测试与质量保证课程实践',NULL),('S000161','计算机科学与技术学院教材',46.43,'A00006',0,'软件工程专业','第5学期','软件项目管理',NULL),('S000162','计算机科学与技术学院教材',25.24,'A00006',0,'软件工程专业','第5学期','Linux操作系统',NULL),('S000163','计算机科学与技术学院教材',77.17,'A00006',0,'软件工程专业','第6学期','编译原理',NULL),('S000164','计算机科学与技术学院教材',83.86,'A00006',0,'软件工程专业','第6学期','软件体系结构',NULL),('S000165','计算机科学与技术学院教材',79.80,'A00006',0,'软件工程专业','第5学期','C语言程序设计',NULL),('S000166','计算机科学与技术学院教材',73.54,'A00006',0,'软件工程专业','第7学期','移动应用开发',NULL),('S000167','计算机科学与技术学院教材',48.67,'A00006',0,'信息管理与信息系统专业','第1学期','面向对象与JAVA程序设计',NULL),('S000168','计算机科学与技术学院教材',27.83,'A00006',0,'信息管理与信息系统专业','第2学期','程序设计课程实践',NULL),('S000169','计算机科学与技术学院教材',47.76,'A00006',0,'信息管理与信息系统专业','第3学期','运筹学',NULL),('S000170','计算机科学与技术学院教材',36.03,'A00006',0,'信息管理与信息系统专业','第4学期','管理统计学',NULL),('S000171','计算机科学与技术学院教材',39.62,'A00006',0,'信息管理与信息系统专业','第3学期','生产与运作管理',NULL),('S000172','计算机科学与技术学院教材',35.17,'A00006',0,'信息管理与信息系统专业','第3学期','经济学',NULL),('S000173','计算机科学与技术学院教材',79.20,'A00006',0,'信息管理与信息系统专业','第4学期','管理信息系统',NULL),('S000174','计算机科学与技术学院教材',37.07,'A00006',0,'信息管理与信息系统专业','第4学期','数据库课程设计',NULL),('S000175','计算机科学与技术学院教材',76.67,'A00006',0,'信息管理与信息系统专业','第5学期','信息组织与检索',NULL),('S000176','计算机科学与技术学院教材',41.48,'A00006',0,'信息管理与信息系统专业','第5学期','电子商务与网络营销',NULL),('S000177','计算机科学与技术学院教材',53.29,'A00006',0,'信息管理与信息系统专业','第5学期','信息系统项目管理',NULL),('S000178','计算机科学与技术学院教材',70.45,'A00006',0,'信息管理与信息系统专业','第6学期','财务管理',NULL),('S000179','计算机科学与技术学院教材',64.66,'A00006',0,'信息管理与信息系统专业','第6学期','信息系统分析与设计',NULL),('S000180','计算机科学与技术学院教材',26.92,'A00006',0,'信息管理与信息系统专业','第6学期','C语言程序设计',NULL),('S000181','计算机科学与技术学院教材',73.18,'A00006',0,'信息管理与信息系统专业','第7学期','数据仓库与数据挖掘',NULL),('S000182','数学科学学院教材',86.05,'A00006',0,'数学与应用数学（基地）','第1学期','解析几何',NULL),('S000183','数学科学学院教材',25.26,'A00006',0,'数学与应用数学（基地）','第1学期','数学分析1',NULL),('S000184','数学科学学院教材',48.70,'A00006',0,'数学与应用数学（基地）','第1学期','高等代数1',NULL),('S000185','数学科学学院教材',77.37,'A00006',0,'数学与应用数学（基地）','第2学期','数学分析2',NULL),('S000186','数学科学学院教材',54.10,'A00006',0,'数学与应用数学（基地）','第2学期','高等代数2',NULL),('S000187','数学科学学院教材',82.17,'A00006',0,'数学与应用数学（基地）','第2学期','C语言程序设计',NULL),('S000188','数学科学学院教材',31.54,'A00006',0,'数学与应用数学（基地）','第3学期','数学分析3',NULL),('S000189','数学科学学院教材',74.84,'A00006',0,'数学与应用数学（基地）','第3学期','抽象代数1',NULL),('S000190','数学科学学院教材',40.38,'A00006',0,'数学与应用数学（基地）','第3学期','拓扑学1',NULL),('S000191','数学科学学院教材',30.59,'A00006',0,'数学与应用数学（基地）','第4学期','复变函数1',NULL),('S000192','数学科学学院教材',25.48,'A00006',0,'数学与应用数学（基地）','第4学期','抽象代数2',NULL),('S000193','数学科学学院教材',54.29,'A00006',0,'数学与应用数学（基地）','第4学期','数学史',NULL),('S000194','数学科学学院教材',28.30,'A00006',0,'数学与应用数学（基地）','第5学期','微分几何',NULL),('S000195','数学科学学院教材',71.38,'A00006',0,'数学与应用数学（基地）','第5学期','实变函数1',NULL),('S000196','数学科学学院教材',44.20,'A00006',0,'数学与应用数学（基地）','第5学期','初等数论',NULL),('S000197','数学科学学院教材',35.04,'A00006',0,'数学与应用数学（基地）','第6学期','泛函分析',NULL),('S000198','数学科学学院教材',43.78,'A00006',0,'数学与应用数学（基地）','第6学期','群论',NULL),('S000199','数学科学学院教材',37.55,'A00006',0,'数学与应用数学（基地）','第6学期','交换代数',NULL),('S000200','数学科学学院教材',87.89,'A00006',0,'数学与应用数学（基地）','第7学期','常微与动力系统',NULL),('S000201','数学科学学院教材',56.04,'A00006',0,'数学与应用数学（基地）','第7学期','伽罗瓦理论',NULL),('S000202','数学科学学院教材',38.76,'A00006',0,'数学与应用数学（基地）','第7学期','拓扑学2',NULL),('S000203','数学科学学院教材',37.52,'A00006',0,'数学与应用数学（师范）','第1学期','解析几何',NULL),('S000204','数学科学学院教材',43.48,'A00006',0,'数学与应用数学（师范）','第1学期','数学分析1',NULL),('S000205','数学科学学院教材',75.92,'A00006',0,'数学与应用数学（师范）','第1学期','高等代数1',NULL),('S000206','数学科学学院教材',66.56,'A00006',0,'数学与应用数学（师范）','第2学期','数学分析2',NULL),('S000207','数学科学学院教材',88.19,'A00006',0,'数学与应用数学（师范）','第2学期','高等代数2',NULL),('S000208','数学科学学院教材',77.13,'A00006',0,'数学与应用数学（师范）','第2学期','C语言程序设计',NULL),('S000209','数学科学学院教材',82.05,'A00006',0,'数学与应用数学（师范）','第3学期','数学分析3',NULL),('S000210','数学科学学院教材',59.21,'A00006',0,'数学与应用数学（师范）','第3学期','中学生认知与学习',NULL),('S000211','数学科学学院教材',49.03,'A00006',0,'数学与应用数学（师范）','第3学期','教师口语',NULL),('S000212','数学科学学院教材',72.15,'A00006',0,'数学与应用数学（师范）','第4学期','有效教学',NULL),('S000213','数学科学学院教材',43.89,'A00006',0,'数学与应用数学（师范）','第4学期','教育学原理',NULL),('S000214','数学科学学院教材',61.51,'A00006',0,'数学与应用数学（师范）','第4学期','书法基础',NULL),('S000215','数学科学学院教材',44.50,'A00006',0,'数学与应用数学（师范）','第5学期','数学教育学',NULL),('S000216','数学科学学院教材',76.01,'A00006',0,'数学与应用数学（师范）','第5学期','初等数学研究',NULL),('S000217','数学科学学院教材',57.53,'A00006',0,'数学与应用数学（师范）','第5学期','教师教育技术',NULL),('S000218','数学科学学院教材',48.43,'A00006',0,'数学与应用数学（师范）','第6学期','微格教学',NULL),('S000219','数学科学学院教材',28.08,'A00006',0,'数学与应用数学（师范）','第6学期','教育研究方法',NULL),('S000220','数学科学学院教材',26.36,'A00006',0,'数学与应用数学（师范）','第6学期','初等数学建模',NULL),('S000221','数学科学学院教材',41.93,'A00006',0,'数学与应用数学（师范）','第7学期','竞赛数学',NULL),('S000222','数学科学学院教材',38.04,'A00006',0,'数学与应用数学（师范）','第7学期','现代数学教育技术',NULL),('S000223','数学科学学院教材',75.44,'A00006',0,'数学与应用数学（师范）','第7学期','微分几何',NULL),('S000224','数学科学学院教材',28.71,'A00006',0,'信息与计算科学','第1学期','解析几何',NULL),('S000225','数学科学学院教材',28.28,'A00006',0,'信息与计算科学','第1学期','数学分析1',NULL),('S000226','数学科学学院教材',56.78,'A00006',0,'信息与计算科学','第1学期','高等代数1',NULL),('S000227','数学科学学院教材',84.14,'A00006',0,'信息与计算科学','第2学期','数学分析2',NULL),('S000228','数学科学学院教材',46.85,'A00006',0,'信息与计算科学','第2学期','高等代数2',NULL),('S000229','数学科学学院教材',41.31,'A00006',0,'信息与计算科学','第2学期','C语言程序设计',NULL),('S000230','数学科学学院教材',87.87,'A00006',0,'信息与计算科学','第3学期','数学分析3',NULL),('S000231','数学科学学院教材',39.76,'A00006',0,'信息与计算科学','第3学期','离散数学',NULL),('S000232','数学科学学院教材',83.95,'A00006',0,'信息与计算科学','第3学期','计算机网络',NULL),('S000233','数学科学学院教材',89.94,'A00006',0,'信息与计算科学','第4学期','Java面向对象程序设计',NULL),('S000234','数学科学学院教材',86.22,'A00006',0,'信息与计算科学','第4学期','数据结构',NULL),('S000235','数学科学学院教材',67.42,'A00006',0,'信息与计算科学','第4学期','数学模型与数学软件',NULL),('S000236','数学科学学院教材',36.14,'A00006',0,'信息与计算科学','第5学期','软件设计基础',NULL),('S000237','数学科学学院教材',77.85,'A00006',0,'信息与计算科学','第5学期','数据库原理及应用',NULL),('S000238','数学科学学院教材',32.44,'A00006',0,'信息与计算科学','第5学期','操作系统',NULL),('S000239','数学科学学院教材',90.72,'A00006',0,'信息与计算科学','第6学期','数据科学导论',NULL),('S000240','数学科学学院教材',75.18,'A00006',0,'信息与计算科学','第6学期','运筹学',NULL),('S000241','数学科学学院教材',57.30,'A00006',0,'信息与计算科学','第6学期','数值分析',NULL),('S000242','数学科学学院教材',55.08,'A00006',0,'信息与计算科学','第7学期','三维图形设计',NULL),('S000243','数学科学学院教材',60.13,'A00006',0,'信息与计算科学','第7学期','web开发实训',NULL),('S000244','数学科学学院教材',51.32,'A00006',0,'信息与计算科学','第7学期','算法实践',NULL),('S000245','数学科学学院教材',66.58,'A00006',0,'统计学','第1学期','解析几何',NULL),('S000246','数学科学学院教材',51.50,'A00006',0,'统计学','第1学期','数学分析1',NULL),('S000247','数学科学学院教材',39.25,'A00006',0,'统计学','第1学期','高等代数1',NULL),('S000248','数学科学学院教材',64.51,'A00006',0,'统计学','第2学期','数学分析2',NULL),('S000249','数学科学学院教材',25.38,'A00006',0,'统计学','第2学期','高等代数2',NULL),('S000250','数学科学学院教材',50.53,'A00006',0,'统计学','第2学期','C语言程序设计',NULL),('S000251','数学科学学院教材',64.00,'A00006',0,'统计学','第3学期','数学分析3',NULL),('S000252','数学科学学院教材',81.90,'A00006',0,'统计学','第3学期','统计学基础',NULL),('S000253','数学科学学院教材',81.38,'A00006',0,'统计学','第3学期','组合数学',NULL),('S000254','数学科学学院教材',50.75,'A00006',0,'统计学','第4学期','抽样调查',NULL),('S000255','数学科学学院教材',75.74,'A00006',0,'统计学','第4学期','定性数据分析',NULL),('S000256','数学科学学院教材',67.56,'A00006',0,'统计学','第4学期','数学模型与数学软件',NULL),('S000257','数学科学学院教材',44.23,'A00006',0,'统计学','第5学期','统计计算与SAS软件',NULL),('S000258','数学科学学院教材',73.72,'A00006',0,'统计学','第5学期','应用多元分析',NULL),('S000259','数学科学学院教材',43.32,'A00006',0,'统计学','第5学期','应用回归分析',NULL),('S000260','数学科学学院教材',68.97,'A00006',0,'统计学','第6学期','质量工程管理与ISO',NULL),('S000261','数学科学学院教材',39.61,'A00006',0,'统计学','第6学期','应用时间序列',NULL),('S000262','数学科学学院教材',26.16,'A00006',0,'统计学','第6学期','试验设计',NULL),('S000263','数学科学学院教材',68.05,'A00006',0,'统计学','第7学期','应用随机过程',NULL),('S000264','数学科学学院教材',34.79,'A00006',0,'统计学','第7学期','伽罗瓦理论',NULL),('S000265','数学科学学院教材',36.27,'A00006',0,'统计学','第7学期','投资项目评估',NULL),('S000266','数学科学学院教材',36.54,'A00006',0,'金融数学','第1学期','货币银行学',NULL),('S000267','数学科学学院教材',86.62,'A00006',0,'金融数学','第1学期','数学分析1',NULL),('S000268','数学科学学院教材',63.48,'A00006',0,'金融数学','第1学期','高等代数1',NULL),('S000269','数学科学学院教材',34.56,'A00006',0,'金融数学','第2学期','数学分析2',NULL),('S000270','数学科学学院教材',60.40,'A00006',0,'金融数学','第2学期','高等代数2',NULL),('S000271','数学科学学院教材',40.78,'A00006',0,'金融数学','第2学期','C语言程序设计',NULL),('S000272','数学科学学院教材',88.97,'A00006',0,'金融数学','第3学期','数学分析3',NULL),('S000273','数学科学学院教材',87.48,'A00006',0,'金融数学','第3学期','国际贸易理论',NULL),('S000274','数学科学学院教材',88.59,'A00006',0,'金融数学','第3学期','财务会计',NULL),('S000275','数学科学学院教材',86.13,'A00006',0,'金融数学','第4学期','财务报表分析',NULL),('S000276','数学科学学院教材',30.12,'A00006',0,'金融数学','第4学期','证券投资1',NULL),('S000277','数学科学学院教材',78.11,'A00006',0,'金融数学','第4学期','数学史',NULL),('S000278','数学科学学院教材',38.35,'A00006',0,'金融数学','第5学期','中央银行概论',NULL),('S000279','数学科学学院教材',87.87,'A00006',0,'金融数学','第5学期','财政学',NULL),('S000280','数学科学学院教材',38.30,'A00006',0,'金融数学','第5学期','保险学',NULL),('S000281','数学科学学院教材',42.89,'A00006',0,'金融数学','第6学期','风险管理',NULL),('S000282','数学科学学院教材',51.83,'A00006',0,'金融数学','第6学期','金融工程原理',NULL),('S000283','数学科学学院教材',84.22,'A00006',0,'金融数学','第6学期','投资银行概论',NULL),('S000284','数学科学学院教材',55.90,'A00006',0,'金融数学','第7学期','经济法概论',NULL),('S000285','数学科学学院教材',77.07,'A00006',0,'金融数学','第7学期','计量经济学',NULL),('S000286','数学科学学院教材',72.94,'A00006',0,'金融数学','第7学期','金融专业英语',NULL);
/*!40000 ALTER TABLE `商品清单` ENABLE KEYS */;
UNLOCK TABLES;

--
-- Table structure for table `商户信息表`
--

DROP TABLE IF EXISTS `商户信息表`;
/*!40101 SET @saved_cs_client     = @@character_set_client */;
/*!40101 SET character_set_client = utf8 */;
CREATE TABLE `商户信息表` (
  `商户代码` varchar(255) NOT NULL,
  `商户名称` varchar(255) DEFAULT NULL,
  `商户银行账号` varchar(255) NOT NULL,
  `商户对账联系人` varchar(255) DEFAULT NULL,
  `商户对账联系人电话` varchar(255) DEFAULT NULL,
  `商户对账联系人邮箱` varchar(255) DEFAULT NULL,
  `商户对账联系人备注` varchar(255) DEFAULT NULL,
  `结算类型` int(65) NOT NULL,
  `是否支持退货` varchar(255) NOT NULL,
  `商户类型` varchar(255) DEFAULT NULL,
  `集团编号` varchar(255) NOT NULL,
  `商户地址` varchar(255) DEFAULT NULL,
  `状态` int(65) DEFAULT NULL,
  PRIMARY KEY (`商户代码`),
  KEY `集团编号` (`集团编号`)
) ENGINE=InnoDB DEFAULT CHARSET=utf8;
/*!40101 SET character_set_client = @saved_cs_client */;

--
-- Dumping data for table `商户信息表`
--

LOCK TABLES `商户信息表` WRITE;
/*!40000 ALTER TABLE `商户信息表` DISABLE KEYS */;
INSERT INTO `商户信息表` VALUES ('A00001','明光牛奶','623351210000282713','刘新华','13616275822','1234213324@qq.com','财务科主任',1,'否','食品','10000001','江苏省苏州市金鸡湖大道38号',1),('A00002','美琳服饰','623351210000282714','权梦旋','13616275823','1234213325@qq.com','财务科主任',1,'否','服饰','10000002','江苏省苏州市金鸡湖大道39号',1),('A00003','齐彤电力','623351210000282715','段绿凝','13616275824','1234213326@qq.com','财务科主任',1,'否','电力','10000003','江苏省苏州市金鸡湖大道40号',1),('A00004','东吴物业','623351210000282716','程敏丽','13616275825','1234213327@qq.com','财务科主任',1,'否','物业住房','10000004','江苏省苏州市金鸡湖大道41号',1),('A00005','江苏水厂','623351210000282717','同泰鸿','13616275826','1234213328@qq.com','财务科主任',1,'否','水力','10000005','江苏省苏州市金鸡湖大道42号',1),('A00006','本校教材教务中心','623351210000282718','刘璇','13616275827','1234213329@qq.com','本校教材中心主任',1,'否','教材','10000006','江苏省苏州市金鸡湖大道43号',1),('A00007','校团委委员会','623351210000282719','刘舒','13616275828','1234213339@qq.com','本校团委主任',1,'否','党政','10000007','江苏省苏州市金鸡湖大道44号',1);
/*!40000 ALTER TABLE `商户信息表` ENABLE KEYS */;
UNLOCK TABLES;

--
-- Table structure for table `商户集团信息表`
--

DROP TABLE IF EXISTS `商户集团信息表`;
/*!40101 SET @saved_cs_client     = @@character_set_client */;
/*!40101 SET character_set_client = utf8 */;
CREATE TABLE `商户集团信息表` (
  `集团编号` bigint(255) NOT NULL AUTO_INCREMENT,
  `集团名称` varchar(255) DEFAULT NULL,
  `备注` varchar(255) DEFAULT NULL,
  `状态` int(65) DEFAULT NULL,
  PRIMARY KEY (`集团编号`)
) ENGINE=InnoDB AUTO_INCREMENT=10000008 DEFAULT CHARSET=utf8;
/*!40101 SET character_set_client = @saved_cs_client */;

--
-- Dumping data for table `商户集团信息表`
--

LOCK TABLES `商户集团信息表` WRITE;
/*!40000 ALTER TABLE `商户集团信息表` DISABLE KEYS */;
INSERT INTO `商户集团信息表` VALUES (10000001,'明光股份有限公司','财务处',1),(10000002,'美琳服饰有限责任公司','财务处',1),(10000003,'齐鲁电力股份有限公司','财务处',1),(10000004,'东吴物业有限责任公司','财务处',1),(10000005,'江苏水力股份有限公司','财务处',1),(10000006,'苏州大学','教材教务中心',1),(10000007,'苏州大学团委','校团委委员会',1);
/*!40000 ALTER TABLE `商户集团信息表` ENABLE KEYS */;
UNLOCK TABLES;

--
-- Table structure for table `奖学金信息表`
--

DROP TABLE IF EXISTS `奖学金信息表`;
/*!40101 SET @saved_cs_client     = @@character_set_client */;
/*!40101 SET character_set_client = utf8 */;
CREATE TABLE `奖学金信息表` (
  `发放编号` varchar(255) NOT NULL,
  `学号` varchar(255) NOT NULL,
  `奖学金类型` varchar(255) DEFAULT NULL,
  `名称` varchar(255) DEFAULT NULL,
  `等级` varchar(255) DEFAULT NULL,
  `金额` decimal(65,2) DEFAULT NULL,
  `资金发放时间` datetime DEFAULT NULL,
  `发放渠道` varchar(255) DEFAULT NULL,
  PRIMARY KEY (`发放编号`),
  KEY `奖学金对应的学号` (`学号`),
  CONSTRAINT `奖学金对应的学号` FOREIGN KEY (`学号`) REFERENCES `用户信息表` (`学号`)
) ENGINE=InnoDB DEFAULT CHARSET=utf8;
/*!40101 SET character_set_client = @saved_cs_client */;

--
-- Dumping data for table `奖学金信息表`
--

LOCK TABLES `奖学金信息表` WRITE;
/*!40000 ALTER TABLE `奖学金信息表` DISABLE KEYS */;
INSERT INTO `奖学金信息表` VALUES ('F0000000001','1607400001','校级年度奖学金','学习优秀','特等奖',2000.00,'2020-02-05 00:00:00','交通银行学子卡'),('F0000000002','1607400002','校级年度奖学金','学习优秀','特等奖',2000.00,'2020-02-05 00:00:00','交通银行学子卡'),('F0000000003','1607400003','校级年度奖学金','学习优秀','特等奖',2000.00,'2020-02-05 00:00:00','交通银行学子卡'),('F0000000004','1607400004','校级年度奖学金','学习优秀','特等奖',2000.00,'2020-02-05 00:00:00','交通银行学子卡'),('F0000000005','1607400005','校级年度奖学金','学习优秀','特等奖',2000.00,'2020-02-05 00:00:00','交通银行学子卡'),('F0000000006','1607400006','校级年度奖学金','学习优秀','特等奖',2000.00,'2020-02-05 00:00:00','交通银行学子卡'),('F0000000007','1607400007','校级年度奖学金','学习优秀','特等奖',2000.00,'2020-02-05 00:00:00','交通银行学子卡'),('F0000000008','1607400008','校级年度奖学金','学习优秀','特等奖',2000.00,'2020-02-05 00:00:00','交通银行学子卡'),('F0000000009','1607400009','校级年度奖学金','学习优秀','特等奖',2000.00,'2020-02-05 00:00:00','交通银行学子卡'),('F0000000010','1607400010','校级年度奖学金','学习优秀','特等奖',2000.00,'2020-02-05 00:00:00','交通银行学子卡'),('F0000000011','1607400011','校级年度奖学金','学习优秀','特等奖',2000.00,'2020-02-05 00:00:00','交通银行学子卡'),('F0000000012','1607400012','校级年度奖学金','学习优秀','特等奖',2000.00,'2020-02-05 00:00:00','交通银行学子卡'),('F0000000013','1607400013','校级年度奖学金','学习优秀','特等奖',2000.00,'2020-02-05 00:00:00','交通银行学子卡'),('F0000000014','1607400014','校级年度奖学金','学习优秀','特等奖',2000.00,'2020-02-05 00:00:00','交通银行学子卡'),('F0000000015','1607400015','校级年度奖学金','学习优秀','特等奖',2000.00,'2020-02-05 00:00:00','交通银行学子卡'),('F0000000016','1607400016','校级年度奖学金','学习优秀','特等奖',2000.00,'2020-02-05 00:00:00','交通银行学子卡'),('F0000000017','1607400017','校级年度奖学金','学习优秀','特等奖',2000.00,'2020-02-05 00:00:00','交通银行学子卡'),('F0000000018','1607400018','校级年度奖学金','学习优秀','特等奖',2000.00,'2020-02-05 00:00:00','交通银行学子卡'),('F0000000019','1607400019','校级年度奖学金','学习优秀','特等奖',2000.00,'2020-02-05 00:00:00','交通银行学子卡'),('F0000000020','1607400020','校级年度奖学金','学习优秀','特等奖',2000.00,'2020-02-05 00:00:00','交通银行学子卡'),('F0000000021','1607400021','校级年度奖学金','学习优秀','一等奖',1500.00,'2020-02-05 00:00:00','交通银行学子卡'),('F0000000022','1607400022','校级年度奖学金','学习优秀','一等奖',1500.00,'2020-02-05 00:00:00','交通银行学子卡'),('F0000000023','1607400023','校级年度奖学金','学习优秀','一等奖',1500.00,'2020-02-05 00:00:00','交通银行学子卡'),('F0000000024','1607400024','校级年度奖学金','学习优秀','一等奖',1500.00,'2020-02-05 00:00:00','交通银行学子卡'),('F0000000025','1607400025','校级年度奖学金','学习优秀','一等奖',1500.00,'2020-02-05 00:00:00','交通银行学子卡'),('F0000000026','1607400026','校级年度奖学金','学习优秀','一等奖',1500.00,'2020-02-05 00:00:00','交通银行学子卡'),('F0000000027','1607400027','校级年度奖学金','学习优秀','一等奖',1500.00,'2020-02-05 00:00:00','交通银行学子卡'),('F0000000028','1607400028','校级年度奖学金','学习优秀','一等奖',1500.00,'2020-02-05 00:00:00','交通银行学子卡'),('F0000000029','1607400029','校级年度奖学金','学习优秀','一等奖',1500.00,'2020-02-05 00:00:00','交通银行学子卡'),('F0000000030','1607400030','校级年度奖学金','学习优秀','一等奖',1500.00,'2020-02-05 00:00:00','交通银行学子卡'),('F0000000031','1607400031','校级年度奖学金','学习优秀','一等奖',1500.00,'2020-02-05 00:00:00','交通银行学子卡'),('F0000000032','1607400032','校级年度奖学金','学习优秀','一等奖',1500.00,'2020-02-05 00:00:00','交通银行学子卡'),('F0000000033','1607400033','校级年度奖学金','学习优秀','一等奖',1500.00,'2020-02-05 00:00:00','交通银行学子卡'),('F0000000034','1607400034','校级年度奖学金','学习优秀','一等奖',1500.00,'2020-02-05 00:00:00','交通银行学子卡'),('F0000000035','1607400035','校级年度奖学金','学习优秀','一等奖',1500.00,'2020-02-05 00:00:00','交通银行学子卡'),('F0000000036','1607400036','校级年度奖学金','学习优秀','一等奖',1500.00,'2020-02-05 00:00:00','交通银行学子卡'),('F0000000037','1607400037','校级年度奖学金','学习优秀','一等奖',1500.00,'2020-02-05 00:00:00','交通银行学子卡'),('F0000000038','1607400038','校级年度奖学金','学习优秀','一等奖',1500.00,'2020-02-05 00:00:00','交通银行学子卡'),('F0000000039','1607400039','校级年度奖学金','学习优秀','一等奖',1500.00,'2020-02-05 00:00:00','交通银行学子卡'),('F0000000040','1607400040','校级年度奖学金','学习优秀','一等奖',1500.00,'2020-02-05 00:00:00','交通银行学子卡'),('F0000000041','1607400041','校级年度奖学金','学习优秀','一等奖',1500.00,'2020-02-05 00:00:00','交通银行学子卡'),('F0000000042','1607400042','校级年度奖学金','学习优秀','一等奖',1500.00,'2020-02-05 00:00:00','交通银行学子卡'),('F0000000043','1607400043','校级年度奖学金','学习优秀','一等奖',1500.00,'2020-02-05 00:00:00','交通银行学子卡'),('F0000000044','1607400044','校级年度奖学金','学习优秀','一等奖',1500.00,'2020-02-05 00:00:00','交通银行学子卡'),('F0000000045','1607400045','校级年度奖学金','学习优秀','一等奖',1500.00,'2020-02-05 00:00:00','交通银行学子卡'),('F0000000046','1607400046','校级年度奖学金','学习优秀','一等奖',1500.00,'2020-02-05 00:00:00','交通银行学子卡'),('F0000000047','1607400047','校级年度奖学金','学习优秀','一等奖',1500.00,'2020-02-05 00:00:00','交通银行学子卡'),('F0000000048','1607400048','校级年度奖学金','学习优秀','一等奖',1500.00,'2020-02-05 00:00:00','交通银行学子卡'),('F0000000049','1607400049','校级年度奖学金','学习优秀','一等奖',1500.00,'2020-02-05 00:00:00','交通银行学子卡'),('F0000000050','1607400050','校级年度奖学金','学习优秀','一等奖',1500.00,'2020-02-05 00:00:00','交通银行学子卡'),('F0000000051','1607400051','校级年度奖学金','学习优秀','一等奖',1500.00,'2020-02-05 00:00:00','交通银行学子卡'),('F0000000052','1607400052','校级年度奖学金','学习优秀','一等奖',1500.00,'2020-02-05 00:00:00','交通银行学子卡'),('F0000000053','1607400053','校级年度奖学金','学习优秀','一等奖',1500.00,'2020-02-05 00:00:00','交通银行学子卡'),('F0000000054','1607400054','校级年度奖学金','学习优秀','一等奖',1500.00,'2020-02-05 00:00:00','交通银行学子卡'),('F0000000055','1607400055','校级年度奖学金','学习优秀','一等奖',1500.00,'2020-02-05 00:00:00','交通银行学子卡'),('F0000000056','1607400056','校级年度奖学金','学习优秀','一等奖',1500.00,'2020-02-05 00:00:00','交通银行学子卡'),('F0000000057','1607400057','校级年度奖学金','学习优秀','一等奖',1500.00,'2020-02-05 00:00:00','交通银行学子卡'),('F0000000058','1607400058','校级年度奖学金','学习优秀','一等奖',1500.00,'2020-02-05 00:00:00','交通银行学子卡'),('F0000000059','1607400059','校级年度奖学金','学习优秀','一等奖',1500.00,'2020-02-05 00:00:00','交通银行学子卡'),('F0000000060','1607400060','校级年度奖学金','学习优秀','一等奖',1500.00,'2020-02-05 00:00:00','交通银行学子卡'),('F0000000061','1607400061','校级年度奖学金','学习优秀','二等奖',1000.00,'2020-02-05 00:00:00','交通银行学子卡'),('F0000000062','1607400062','校级年度奖学金','学习优秀','二等奖',1000.00,'2020-02-05 00:00:00','交通银行学子卡'),('F0000000063','1607400063','校级年度奖学金','学习优秀','二等奖',1000.00,'2020-02-05 00:00:00','交通银行学子卡'),('F0000000064','1607400064','校级年度奖学金','学习优秀','二等奖',1000.00,'2020-02-05 00:00:00','交通银行学子卡'),('F0000000065','1607400065','校级年度奖学金','学习优秀','二等奖',1000.00,'2020-02-05 00:00:00','交通银行学子卡'),('F0000000066','1607400066','校级年度奖学金','学习优秀','二等奖',1000.00,'2020-02-05 00:00:00','交通银行学子卡'),('F0000000067','1607400067','校级年度奖学金','学习优秀','二等奖',1000.00,'2020-02-05 00:00:00','交通银行学子卡'),('F0000000068','1607400068','校级年度奖学金','学习优秀','二等奖',1000.00,'2020-02-05 00:00:00','交通银行学子卡'),('F0000000069','1607400069','校级年度奖学金','学习优秀','二等奖',1000.00,'2020-02-05 00:00:00','交通银行学子卡'),('F0000000070','1607400070','校级年度奖学金','学习优秀','二等奖',1000.00,'2020-02-05 00:00:00','交通银行学子卡'),('F0000000071','1607400071','校级年度奖学金','学习优秀','二等奖',1000.00,'2020-02-05 00:00:00','交通银行学子卡'),('F0000000072','1607400072','校级年度奖学金','学习优秀','二等奖',1000.00,'2020-02-05 00:00:00','交通银行学子卡'),('F0000000073','1607400073','校级年度奖学金','学习优秀','二等奖',1000.00,'2020-02-05 00:00:00','交通银行学子卡'),('F0000000074','1607400074','校级年度奖学金','学习优秀','二等奖',1000.00,'2020-02-05 00:00:00','交通银行学子卡'),('F0000000075','1607400075','校级年度奖学金','学习优秀','二等奖',1000.00,'2020-02-05 00:00:00','交通银行学子卡'),('F0000000076','1607400076','校级年度奖学金','学习优秀','二等奖',1000.00,'2020-02-05 00:00:00','交通银行学子卡'),('F0000000077','1607400077','校级年度奖学金','学习优秀','二等奖',1000.00,'2020-02-05 00:00:00','交通银行学子卡'),('F0000000078','1607400078','校级年度奖学金','学习优秀','二等奖',1000.00,'2020-02-05 00:00:00','交通银行学子卡'),('F0000000079','1607400079','校级年度奖学金','学习优秀','二等奖',1000.00,'2020-02-05 00:00:00','交通银行学子卡'),('F0000000080','1607400080','校级年度奖学金','学习优秀','二等奖',1000.00,'2020-02-05 00:00:00','交通银行学子卡'),('F0000000081','1607400081','校级年度奖学金','学习优秀','二等奖',1000.00,'2020-02-05 00:00:00','交通银行学子卡'),('F0000000082','1607400082','校级年度奖学金','学习优秀','二等奖',1000.00,'2020-02-05 00:00:00','交通银行学子卡'),('F0000000083','1607400083','校级年度奖学金','学习优秀','二等奖',1000.00,'2020-02-05 00:00:00','交通银行学子卡'),('F0000000084','1607400084','校级年度奖学金','学习优秀','二等奖',1000.00,'2020-02-05 00:00:00','交通银行学子卡'),('F0000000085','1607400085','校级年度奖学金','学习优秀','二等奖',1000.00,'2020-02-05 00:00:00','交通银行学子卡'),('F0000000086','1607400086','校级年度奖学金','学习优秀','二等奖',1000.00,'2020-02-05 00:00:00','交通银行学子卡'),('F0000000087','1607400087','校级年度奖学金','学习优秀','二等奖',1000.00,'2020-02-05 00:00:00','交通银行学子卡'),('F0000000088','1607400088','校级年度奖学金','学习优秀','二等奖',1000.00,'2020-02-05 00:00:00','交通银行学子卡'),('F0000000089','1607400089','校级年度奖学金','学习优秀','二等奖',1000.00,'2020-02-05 00:00:00','交通银行学子卡'),('F0000000090','1607400090','校级年度奖学金','学习优秀','二等奖',1000.00,'2020-02-05 00:00:00','交通银行学子卡'),('F0000000091','1607400091','校级年度奖学金','学习优秀','二等奖',1000.00,'2020-02-05 00:00:00','交通银行学子卡'),('F0000000092','1607400092','校级年度奖学金','学习优秀','二等奖',1000.00,'2020-02-05 00:00:00','交通银行学子卡'),('F0000000093','1607400093','校级年度奖学金','学习优秀','二等奖',1000.00,'2020-02-05 00:00:00','交通银行学子卡'),('F0000000094','1607400094','校级年度奖学金','学习优秀','二等奖',1000.00,'2020-02-05 00:00:00','交通银行学子卡'),('F0000000095','1607400095','校级年度奖学金','学习优秀','二等奖',1000.00,'2020-02-05 00:00:00','交通银行学子卡'),('F0000000096','1607400096','校级年度奖学金','学习优秀','二等奖',1000.00,'2020-02-05 00:00:00','交通银行学子卡'),('F0000000097','1607400097','校级年度奖学金','学习优秀','二等奖',1000.00,'2020-02-05 00:00:00','交通银行学子卡'),('F0000000098','1607400098','校级年度奖学金','学习优秀','二等奖',1000.00,'2020-02-05 00:00:00','交通银行学子卡'),('F0000000099','1607400099','校级年度奖学金','学习优秀','二等奖',1000.00,'2020-02-05 00:00:00','交通银行学子卡'),('F0000000101','1607400001','校级年度奖学金','创新创业','特等奖',2000.00,'2020-02-05 00:00:00','交通银行学子卡'),('F0000000102','1607400002','校级年度奖学金','创新创业','一等奖',1500.00,'2020-02-05 00:00:00','交通银行学子卡'),('F0000000103','1607400003','校级年度奖学金','创新创业','二等奖',1000.00,'2020-02-05 00:00:00','交通银行学子卡'),('F0000000104','1607400001','竞赛奖学金','全国大学生数学建模竞赛','国家一等奖',3000.00,'2020-02-05 00:00:00','交通银行学子卡'),('F0000000105','1607400002','竞赛奖学金','全国大学生数学建模竞赛','江苏省一等奖',1000.00,'2020-02-05 00:00:00','交通银行学子卡'),('F0000000106','1607400003','竞赛奖学金','全国大学生数学建模竞赛','江苏省二等奖',500.00,'2020-02-05 00:00:00','交通银行学子卡'),('F0000000107','1607400001','竞赛奖学金','全国大学生数学竞赛','国家一等奖',3000.00,'2020-02-05 00:00:00','交通银行学子卡'),('F0000000108','1607400002','竞赛奖学金','全国大学生数学竞赛','江苏省一等奖',1000.00,'2020-02-05 00:00:00','交通银行学子卡'),('F0000000109','1607400003','竞赛奖学金','全国大学生数学竞赛','江苏省二等奖',500.00,'2020-02-05 00:00:00','交通银行学子卡'),('F0000000110','1607400001','捐助奖学金','朱敬文奖学金','一等奖',3000.00,'2020-02-05 00:00:00','交通银行学子卡'),('F0000000111','1607400002','捐助奖学金','彭睿奖学金','一等奖',1000.00,'2020-02-05 00:00:00','交通银行学子卡'),('F0000000112','1607400003','捐助奖学金','朱敬文奖学金','二等奖',2500.00,'2020-02-05 00:00:00','交通银行学子卡'),('F0000000113','1607400001','科研奖学金','苏州大学创新创业实践','校级',3000.00,'2020-02-05 00:00:00','交通银行学子卡'),('F0000000114','1607400002','科研奖学金','全国大学生创新创业实践','国家级',6000.00,'2020-02-05 00:00:00','交通银行学子卡'),('F0000000115','1607400003','科研奖学金','江苏省创新创业实践','省级',4000.00,'2020-02-05 00:00:00','交通银行学子卡');
/*!40000 ALTER TABLE `奖学金信息表` ENABLE KEYS */;
UNLOCK TABLES;

--
-- Table structure for table `子订单信息表`
--

DROP TABLE IF EXISTS `子订单信息表`;
/*!40101 SET @saved_cs_client     = @@character_set_client */;
/*!40101 SET character_set_client = utf8 */;
CREATE TABLE `子订单信息表` (
  `子订单编号` varchar(255) NOT NULL,
  `订单编号` bigint(255) NOT NULL,
  `商品编号` varchar(255) DEFAULT NULL,
  `商品数量` int(65) DEFAULT NULL,
  `商品单价` decimal(25,2) unsigned DEFAULT NULL,
  `子订单总额` decimal(25,2) unsigned DEFAULT NULL,
  `商户代码` varchar(255) DEFAULT NULL,
  PRIMARY KEY (`子订单编号`),
  KEY `订单编号` (`订单编号`),
  KEY `订单对应的商户代码` (`商户代码`),
  KEY `订单对应的商品编号` (`商品编号`),
  CONSTRAINT `订单对应的商品编号` FOREIGN KEY (`商品编号`) REFERENCES `商品清单` (`商品编号`),
  CONSTRAINT `订单对应的商户代码` FOREIGN KEY (`商户代码`) REFERENCES `商户信息表` (`商户代码`),
  CONSTRAINT `订单编号` FOREIGN KEY (`订单编号`) REFERENCES `订单信息表` (`订单编号`)
) ENGINE=InnoDB DEFAULT CHARSET=utf8;
/*!40101 SET character_set_client = @saved_cs_client */;

--
-- Dumping data for table `子订单信息表`
--

LOCK TABLES `子订单信息表` WRITE;
/*!40000 ALTER TABLE `子订单信息表` DISABLE KEYS */;
INSERT INTO `子订单信息表` VALUES ('1000000101',10000001,'S000001',1,3.50,3.50,'A00001'),('1000000102',10000001,'S000002',1,52.50,52.50,'A00001'),('1000000103',10000001,'S000003',1,70.00,70.00,'A00001'),('1000000201',10000002,'S000004',1,85.00,85.00,'A00001'),('1000000202',10000002,'S000005',1,4.00,4.00,'A00001'),('1000000301',10000003,'S000006',1,138.00,138.00,'A00002'),('1000000302',10000003,'S000007',1,138.00,138.00,'A00002'),('1000000303',10000003,'S000008',1,138.00,138.00,'A00002'),('1000000401',10000004,'S000009',1,138.00,138.00,'A00002'),('1000000402',10000004,'S000010',1,138.00,138.00,'A00002'),('1000000403',10000004,'S000011',1,138.00,138.00,'A00002'),('1000000501',10000005,'S000012',1,138.00,138.00,'A00002'),('1000000502',10000005,'S000013',1,138.00,138.00,'A00002'),('1000000503',10000005,'S000014',1,138.00,138.00,'A00002'),('1000000601',10000006,'S000015',1,138.00,138.00,'A00002'),('1000000602',10000006,'S000016',1,138.00,138.00,'A00002'),('1000000603',10000006,'S000017',1,138.00,138.00,'A00002'),('1000000701',10000007,'S000018',1,138.00,138.00,'A00002'),('1000000702',10000007,'S000019',1,138.00,138.00,'A00002'),('1000000801',10000008,'S000020',1,138.00,138.00,'A00002'),('1000000802',10000008,'S000021',1,138.00,138.00,'A00002'),('1000000803',10000008,'S000022',1,138.00,138.00,'A00002'),('1000000901',10000009,'S000023',1,138.00,138.00,'A00002'),('1000000902',10000009,'S000024',1,138.00,138.00,'A00002'),('1000000903',10000009,'S000025',1,138.00,138.00,'A00002'),('1000001001',10000010,'S000026',1,138.00,138.00,'A00002'),('1000001002',10000010,'S000027',1,138.00,138.00,'A00002'),('1000001003',10000010,'S000028',1,138.00,138.00,'A00002'),('1000001101',10000011,'S000029',1,138.00,138.00,'A00002'),('1000001102',10000011,'S000030',1,138.00,138.00,'A00002'),('1000001103',10000011,'S000031',1,138.00,138.00,'A00002'),('1000001201',10000012,'S000032',1,138.00,138.00,'A00002'),('1000001202',10000012,'S000033',1,138.00,138.00,'A00002'),('1000001301',10000013,'S000034',1,188.00,188.00,'A00002'),('1000001302',10000013,'S000035',1,188.00,188.00,'A00002'),('1000001303',10000013,'S000036',1,188.00,188.00,'A00002'),('1000001401',10000014,'S000037',1,188.00,188.00,'A00002'),('1000001402',10000014,'S000038',1,188.00,188.00,'A00002'),('1000001403',10000014,'S000039',1,188.00,188.00,'A00002'),('1000001501',10000015,'S000040',1,188.00,188.00,'A00002'),('1000001502',10000015,'S000041',1,188.00,188.00,'A00002'),('1000001503',10000015,'S000042',1,188.00,188.00,'A00002'),('1000001601',10000016,'S000043',1,188.00,188.00,'A00002'),('1000001602',10000016,'S000044',1,188.00,188.00,'A00002'),('1000001603',10000016,'S000045',1,188.00,188.00,'A00002'),('1000001701',10000017,'S000046',1,188.00,188.00,'A00002'),('1000001702',10000017,'S000047',1,188.00,188.00,'A00002'),('1000001801',10000018,'S000048',1,188.00,188.00,'A00002'),('1000001802',10000018,'S000049',1,188.00,188.00,'A00002'),('1000001803',10000018,'S000050',1,188.00,188.00,'A00002'),('1000001901',10000019,'S000051',1,188.00,188.00,'A00002'),('1000001902',10000019,'S000052',1,188.00,188.00,'A00002'),('1000001903',10000019,'S000053',1,188.00,188.00,'A00002'),('1000002001',10000020,'S000054',1,188.00,188.00,'A00002'),('1000002002',10000020,'S000055',1,188.00,188.00,'A00002'),('1000002003',10000020,'S000056',1,188.00,188.00,'A00002'),('1000002101',10000021,'S000057',1,188.00,188.00,'A00002'),('1000002102',10000021,'S000058',1,188.00,188.00,'A00002'),('1000002103',10000021,'S000059',1,188.00,188.00,'A00002'),('1000002201',10000022,'S000060',1,188.00,188.00,'A00002'),('1000002202',10000022,'S000061',1,188.00,188.00,'A00002'),('1000002301',10000023,'S000062',1,200.00,200.00,'A00002'),('1000002302',10000023,'S000063',1,200.00,200.00,'A00002'),('1000002303',10000023,'S000064',1,200.00,200.00,'A00002'),('1000002401',10000024,'S000065',1,200.00,200.00,'A00002'),('1000002402',10000024,'S000066',1,200.00,200.00,'A00002'),('1000002403',10000024,'S000067',1,200.00,200.00,'A00002'),('1000002501',10000025,'S000068',1,200.00,200.00,'A00002'),('1000002502',10000025,'S000069',1,200.00,200.00,'A00002'),('1000002503',10000025,'S000070',1,200.00,200.00,'A00002'),('1000002601',10000026,'S000071',1,200.00,200.00,'A00002'),('1000002602',10000026,'S000072',1,200.00,200.00,'A00002'),('1000002603',10000026,'S000073',1,200.00,200.00,'A00002'),('1000002701',10000027,'S000074',1,200.00,200.00,'A00002'),('1000002702',10000027,'S000075',1,200.00,200.00,'A00002'),('1000002801',10000028,'S000076',1,200.00,200.00,'A00002'),('1000002802',10000028,'S000077',1,200.00,200.00,'A00002'),('1000002803',10000028,'S000078',1,200.00,200.00,'A00002'),('1000002901',10000029,'S000079',1,200.00,200.00,'A00002'),('1000002902',10000029,'S000080',1,200.00,200.00,'A00002'),('1000002903',10000029,'S000081',1,200.00,200.00,'A00002'),('1000003001',10000030,'S000082',1,200.00,200.00,'A00002'),('1000003002',10000030,'S000083',1,200.00,200.00,'A00002'),('1000003003',10000030,'S000084',1,200.00,200.00,'A00002'),('1000003101',10000031,'S000085',1,200.00,200.00,'A00002'),('1000003102',10000031,'S000086',1,200.00,200.00,'A00002'),('1000003103',10000031,'S000087',1,200.00,200.00,'A00002'),('1000003201',10000032,'S000088',1,200.00,200.00,'A00002'),('1000003202',10000032,'S000089',1,200.00,200.00,'A00002'),('1000003301',10000033,'S000285',1,77.07,77.07,'A00006'),('1000003302',10000033,'S000091',1,50.00,50.00,'A00003'),('1000003303',10000033,'S000092',1,100.00,100.00,'A00003'),('1000003401',10000034,'S000093',1,200.00,200.00,'A00003'),('1000003402',10000034,'S000094',1,1000.00,1000.00,'A00004'),('1000003403',10000034,'S000095',1,1200.00,1200.00,'A00004'),('1000003501',10000035,'S000096',1,1500.00,1500.00,'A00004'),('1000003502',10000035,'S000097',1,2000.00,2000.00,'A00004'),('1000003503',10000035,'S000286',1,72.94,72.94,'A00006'),('1000003601',10000036,'S000099',1,54.14,54.14,'A00006'),('1000003602',10000036,'S000100',1,34.84,34.84,'A00006'),('1000003603',10000036,'S000101',1,30.88,30.88,'A00006'),('1000003701',10000037,'S000102',1,72.69,72.69,'A00006'),('1000003702',10000037,'S000103',1,40.48,40.48,'A00006'),('1000003801',10000038,'S000104',1,70.20,70.20,'A00006'),('1000003802',10000038,'S000105',1,65.75,65.75,'A00006'),('1000003803',10000038,'S000106',1,89.89,89.89,'A00006'),('1000003901',10000039,'S000107',1,45.24,45.24,'A00006'),('1000003902',10000039,'S000108',1,39.95,39.95,'A00006'),('1000003903',10000039,'S000109',1,60.36,60.36,'A00006'),('1000004001',10000040,'S000110',1,56.22,56.22,'A00006'),('1000004002',10000040,'S000111',1,57.37,57.37,'A00006'),('1000004003',10000040,'S000112',1,42.81,42.81,'A00006'),('1000004101',10000041,'S000113',1,57.98,57.98,'A00006'),('1000004102',10000041,'S000114',1,65.22,65.22,'A00006'),('1000004103',10000041,'S000115',1,81.28,81.28,'A00006'),('1000004201',10000042,'S000116',1,81.44,81.44,'A00006'),('1000004202',10000042,'S000117',1,64.77,64.77,'A00006'),('1000004301',10000043,'S000118',1,71.15,71.15,'A00006'),('1000004302',10000043,'S000119',1,88.46,88.46,'A00006'),('1000004303',10000043,'S000120',1,48.80,48.80,'A00006'),('1000004401',10000044,'S000121',1,63.65,63.65,'A00006'),('1000004402',10000044,'S000122',1,39.18,39.18,'A00006'),('1000004403',10000044,'S000123',1,78.40,78.40,'A00006'),('1000004501',10000045,'S000124',1,25.52,25.52,'A00006'),('1000004502',10000045,'S000125',1,51.19,51.19,'A00006'),('1000004503',10000045,'S000126',1,38.33,38.33,'A00006'),('1000004601',10000046,'S000127',1,44.09,44.09,'A00006'),('1000004602',10000046,'S000128',1,59.18,59.18,'A00006'),('1000004603',10000046,'S000129',1,43.84,43.84,'A00006'),('1000004701',10000047,'S000130',1,78.11,78.11,'A00006'),('1000004702',10000047,'S000131',1,42.13,42.13,'A00006'),('1000004801',10000048,'S000132',1,67.39,67.39,'A00006'),('1000004802',10000048,'S000133',1,27.84,27.84,'A00006'),('1000004803',10000048,'S000134',1,67.97,67.97,'A00006'),('1000004901',10000049,'S000135',1,36.61,36.61,'A00006'),('1000004902',10000049,'S000136',1,83.76,83.76,'A00006'),('1000004903',10000049,'S000137',1,46.40,46.40,'A00006'),('1000005001',10000050,'S000138',1,78.16,78.16,'A00006'),('1000005002',10000050,'S000139',1,43.54,43.54,'A00006'),('1000005003',10000050,'S000140',1,85.83,85.83,'A00006'),('1000005101',10000051,'S000141',1,31.91,31.91,'A00006'),('1000005102',10000051,'S000142',1,52.33,52.33,'A00006'),('1000005103',10000051,'S000143',1,90.61,90.61,'A00006'),('1000005201',10000052,'S000144',1,53.00,53.00,'A00006'),('1000005202',10000052,'S000145',1,86.59,86.59,'A00006'),('1000005203',10000053,'S000146',1,81.54,81.54,'A00006'),('1000005301',10000053,'S000147',1,72.11,72.11,'A00006'),('1000005302',10000053,'S000148',1,26.49,26.49,'A00006'),('1000005401',10000054,'S000149',1,51.79,51.79,'A00006'),('1000005402',10000054,'S000150',1,50.83,50.83,'A00006'),('1000005403',10000054,'S000151',1,90.08,90.08,'A00006'),('1000005501',10000055,'S000152',1,37.46,37.46,'A00006'),('1000005502',10000055,'S000153',1,71.65,71.65,'A00006'),('1000005503',10000055,'S000154',1,57.33,57.33,'A00006'),('1000005601',10000056,'S000155',1,54.69,54.69,'A00006'),('1000005602',10000056,'S000156',1,71.92,71.92,'A00006'),('1000005603',10000056,'S000157',1,71.56,71.56,'A00006'),('1000005701',10000057,'S000158',1,34.95,34.95,'A00006'),('1000005702',10000057,'S000159',1,48.32,48.32,'A00006'),('1000005801',10000058,'S000160',1,31.60,31.60,'A00006'),('1000005802',10000058,'S000161',1,46.43,46.43,'A00006'),('1000005803',10000058,'S000162',1,25.24,25.24,'A00006'),('1000005901',10000059,'S000163',1,77.17,77.17,'A00006'),('1000005902',10000059,'S000164',1,83.86,83.86,'A00006'),('1000005903',10000059,'S000165',1,79.80,79.80,'A00006'),('1000006001',10000060,'S000166',1,73.54,73.54,'A00006'),('1000006002',10000060,'S000167',1,48.67,48.67,'A00006'),('1000006003',10000060,'S000168',1,27.83,27.83,'A00006'),('1000006101',10000061,'S000169',1,47.76,47.76,'A00006'),('1000006102',10000061,'S000170',1,36.03,36.03,'A00006'),('1000006103',10000061,'S000171',1,39.62,39.62,'A00006'),('1000006201',10000062,'S000172',1,35.17,35.17,'A00006'),('1000006202',10000062,'S000173',1,79.20,79.20,'A00006'),('1000006301',10000063,'S000174',1,37.07,37.07,'A00006'),('1000006302',10000063,'S000175',1,76.67,76.67,'A00006'),('1000006303',10000063,'S000176',1,41.48,41.48,'A00006'),('1000006401',10000064,'S000177',1,53.29,53.29,'A00006'),('1000006402',10000064,'S000178',1,70.45,70.45,'A00006'),('1000006403',10000064,'S000179',1,64.66,64.66,'A00006'),('1000006501',10000065,'S000180',1,26.92,26.92,'A00006'),('1000006502',10000065,'S000181',1,73.18,73.18,'A00006'),('1000006503',10000065,'S000182',1,86.05,86.05,'A00006'),('1000006601',10000066,'S000183',1,25.26,25.26,'A00006'),('1000006602',10000066,'S000184',1,48.70,48.70,'A00006'),('1000006603',10000066,'S000185',1,77.37,77.37,'A00006'),('1000006701',10000067,'S000186',1,54.10,54.10,'A00006'),('1000006702',10000067,'S000187',1,82.17,82.17,'A00006'),('1000006801',10000068,'S000188',1,31.54,31.54,'A00006'),('1000006802',10000068,'S000189',1,74.84,74.84,'A00006'),('1000006803',10000068,'S000190',1,40.38,40.38,'A00006'),('1000006901',10000069,'S000191',1,30.59,30.59,'A00006'),('1000006902',10000069,'S000192',1,25.48,25.48,'A00006'),('1000006903',10000069,'S000193',1,54.29,54.29,'A00006'),('1000007001',10000070,'S000194',1,28.30,28.30,'A00006'),('1000007002',10000070,'S000195',1,71.38,71.38,'A00006'),('1000007003',10000070,'S000196',1,44.20,44.20,'A00006'),('1000007101',10000071,'S000197',1,35.04,35.04,'A00006'),('1000007102',10000071,'S000198',1,43.78,43.78,'A00006'),('1000007103',10000071,'S000199',1,37.55,37.55,'A00006'),('1000007201',10000072,'S000200',1,87.89,87.89,'A00006'),('1000007202',10000072,'S000201',1,56.04,56.04,'A00006'),('1000007301',10000073,'S000202',1,38.76,38.76,'A00006'),('1000007302',10000073,'S000203',1,37.52,37.52,'A00006'),('1000007303',10000073,'S000204',1,43.48,43.48,'A00006'),('1000007401',10000074,'S000205',1,75.92,75.92,'A00006'),('1000007402',10000074,'S000206',1,66.56,66.56,'A00006'),('1000007403',10000074,'S000207',1,88.19,88.19,'A00006'),('1000007501',10000075,'S000208',1,77.13,77.13,'A00006'),('1000007502',10000075,'S000209',1,82.05,82.05,'A00006'),('1000007503',10000075,'S000210',1,59.21,59.21,'A00006'),('1000007601',10000076,'S000211',1,49.03,49.03,'A00006'),('1000007602',10000076,'S000212',1,72.15,72.15,'A00006'),('1000007603',10000076,'S000213',1,43.89,43.89,'A00006'),('1000007701',10000077,'S000214',1,61.51,61.51,'A00006'),('1000007702',10000077,'S000215',1,44.50,44.50,'A00006'),('1000007801',10000078,'S000216',1,76.01,76.01,'A00006'),('1000007802',10000078,'S000217',1,57.53,57.53,'A00006'),('1000007803',10000078,'S000218',1,48.43,48.43,'A00006'),('1000007901',10000079,'S000219',1,28.08,28.08,'A00006'),('1000007902',10000079,'S000220',1,26.36,26.36,'A00006'),('1000007903',10000079,'S000221',1,41.93,41.93,'A00006'),('1000008001',10000080,'S000222',1,38.04,38.04,'A00006'),('1000008002',10000080,'S000223',1,75.44,75.44,'A00006'),('1000008003',10000080,'S000224',1,28.71,28.71,'A00006'),('1000008101',10000081,'S000225',1,28.28,28.28,'A00006'),('1000008102',10000081,'S000226',1,56.78,56.78,'A00006'),('1000008103',10000081,'S000227',1,84.14,84.14,'A00006'),('1000008201',10000082,'S000228',1,46.85,46.85,'A00006'),('1000008202',10000082,'S000229',1,41.31,41.31,'A00006'),('1000008301',10000083,'S000230',1,87.87,87.87,'A00006'),('1000008302',10000083,'S000231',1,39.76,39.76,'A00006'),('1000008303',10000083,'S000232',1,83.95,83.95,'A00006'),('1000008401',10000084,'S000233',1,89.94,89.94,'A00006'),('1000008402',10000084,'S000234',1,86.22,86.22,'A00006'),('1000008403',10000084,'S000235',1,67.42,67.42,'A00006'),('1000008501',10000085,'S000236',1,36.14,36.14,'A00006'),('1000008502',10000085,'S000237',1,77.85,77.85,'A00006'),('1000008503',10000085,'S000238',1,32.44,32.44,'A00006'),('1000008601',10000086,'S000239',1,90.72,90.72,'A00006'),('1000008602',10000086,'S000240',1,75.18,75.18,'A00006'),('1000008603',10000086,'S000241',1,57.30,57.30,'A00006'),('1000008701',10000087,'S000242',1,55.08,55.08,'A00006'),('1000008702',10000087,'S000243',1,60.13,60.13,'A00006'),('1000008801',10000088,'S000244',1,51.32,51.32,'A00006'),('1000008802',10000088,'S000245',1,66.58,66.58,'A00006'),('1000008803',10000088,'S000246',1,51.50,51.50,'A00006'),('1000008901',10000089,'S000247',1,39.25,39.25,'A00006'),('1000008902',10000089,'S000248',1,64.51,64.51,'A00006'),('1000008903',10000089,'S000249',1,25.38,25.38,'A00006'),('1000009001',10000090,'S000250',1,50.53,50.53,'A00006'),('1000009002',10000090,'S000251',1,64.00,64.00,'A00006'),('1000009003',10000090,'S000252',1,81.90,81.90,'A00006'),('1000009101',10000091,'S000253',1,81.38,81.38,'A00006'),('1000009102',10000091,'S000254',1,50.75,50.75,'A00006'),('1000009103',10000091,'S000255',1,75.74,75.74,'A00006'),('1000009201',10000092,'S000256',1,67.56,67.56,'A00006'),('1000009202',10000092,'S000257',1,44.23,44.23,'A00006'),('1000009301',10000093,'S000258',1,73.72,73.72,'A00006'),('1000009302',10000093,'S000259',1,43.32,43.32,'A00006'),('1000009303',10000093,'S000260',1,68.97,68.97,'A00006'),('1000009401',10000094,'S000261',1,39.61,39.61,'A00006'),('1000009402',10000094,'S000262',1,26.16,26.16,'A00006'),('1000009403',10000094,'S000263',1,68.05,68.05,'A00006'),('1000009501',10000095,'S000264',1,34.79,34.79,'A00006'),('1000009502',10000095,'S000265',1,36.27,36.27,'A00006'),('1000009503',10000095,'S000266',1,36.54,36.54,'A00006'),('1000009601',10000096,'S000267',1,86.62,86.62,'A00006'),('1000009602',10000096,'S000268',1,63.48,63.48,'A00006'),('1000009603',10000096,'S000269',1,34.56,34.56,'A00006'),('1000009701',10000097,'S000270',1,60.40,60.40,'A00006'),('1000009702',10000097,'S000271',1,40.78,40.78,'A00006'),('1000009801',10000098,'S000272',1,88.97,88.97,'A00006'),('1000009802',10000098,'S000273',1,87.48,87.48,'A00006'),('1000009803',10000098,'S000274',1,88.59,88.59,'A00006'),('1000010001',10000100,'S000278',1,38.35,38.35,'A00006'),('1000010002',10000100,'S000279',1,87.87,87.87,'A00006'),('1000010003',10000100,'S000280',1,38.30,38.30,'A00006'),('1000010101',10000101,'S000090',1,14.30,14.30,'A00003'),('1000010201',10000102,'S000098',1,34.70,34.70,'A00005'),('1000010301',10000103,'S000096',1,1500.00,1500.00,'A00004'),('1000010401',10000104,'S000099',1,54.14,54.14,'A00006'),('1000010402',10000104,'S000100',1,34.84,34.84,'A00006'),('1000010403',10000104,'S000104',1,70.20,70.20,'A00006'),('1000010404',10000104,'S000106',1,89.89,89.89,'A00006'),('1000010405',10000104,'S000108',1,39.95,39.95,'A00006'),('1000010406',10000104,'S000110',1,56.22,56.22,'A00006'),('1000010407',10000104,'S000114',1,65.22,65.22,'A00006'),('1000010408',10000104,'S000118',1,71.15,71.15,'A00006'),('1000010409',10000104,'S000120',1,48.80,48.80,'A00006'),('1000010410',10000104,'S000182',1,86.05,86.05,'A00006'),('1000010411',10000104,'S000183',1,25.26,25.26,'A00006'),('1000010412',10000104,'S000184',1,48.70,48.70,'A00006'),('1000011001',10000110,'S000001',1,3.50,3.50,'A00001'),('1000011002',10000110,'S000002',1,52.50,52.50,'A00001'),('1000011003',10000110,'S000003',1,70.00,70.00,'A00001'),('1000011004',10000110,'S000004',1,85.00,85.00,'A00001'),('1000011005',10000110,'S000005',1,4.00,4.00,'A00001'),('1000015401',10000154,'S000006',1,138.00,138.00,'A00002'),('1000015402',10000154,'S000005',5,4.00,20.00,'A00001'),('1000015501',10000155,'S000006',1,138.00,138.00,'A00002'),('1000015502',10000155,'S000005',5,4.00,20.00,'A00001'),('1000016101',10000161,'S000001',4,3.50,14.00,'A00001'),('1000016102',10000161,'S000002',1,52.50,52.50,'A00001'),('1000016201',10000162,'S000001',4,3.50,14.00,'A00001'),('1000016202',10000162,'S000002',1,52.50,52.50,'A00001'),('1000016301',10000163,'S000001',1,3.50,3.50,'A00001'),('1000016302',10000163,'S000002',1,52.50,52.50,'A00001'),('1000016303',10000163,'S000003',2,70.00,140.00,'A00001'),('1000016401',10000164,'S000001',1,3.50,3.50,'A00001'),('1000016402',10000164,'S000002',1,52.50,52.50,'A00001'),('1000016501',10000165,'S000001',1,3.50,3.50,'A00001'),('1000016502',10000165,'S000002',3,52.50,157.50,'A00001'),('1000016503',10000165,'S000003',1,70.00,70.00,'A00001'),('1000016601',10000166,'S000001',1,3.50,3.50,'A00001'),('1000016602',10000166,'S000002',1,52.50,52.50,'A00001'),('1000016701',10000167,'S000001',1,3.50,3.50,'A00001'),('1000016702',10000167,'S000002',1,52.50,52.50,'A00001'),('1000016703',10000167,'S000003',1,70.00,70.00,'A00001'),('1000016801',10000168,'S000001',1,3.50,3.50,'A00001'),('1000016802',10000168,'S000002',1,52.50,52.50,'A00001'),('1000016901',10000169,'S000093',1,200.00,200.00,'A00003'),('1000037601',10000376,'S000096',1,1500.00,1500.00,'A00004'),('1000037602',10000376,'S000006',1,138.00,138.00,'A00002'),('1000037603',10000376,'S000001',4,3.50,14.00,'A00001'),('1000037604',10000376,'S000005',2,4.00,8.00,'A00001'),('1000037605',10000376,'S000092',1,100.00,100.00,'A00003'),('1000037701',10000377,'S000096',1,1500.00,1500.00,'A00004'),('1000037702',10000377,'S000006',1,138.00,138.00,'A00002'),('1000037703',10000377,'S000001',4,3.50,14.00,'A00001'),('1000037704',10000377,'S000005',2,4.00,8.00,'A00001'),('1000037705',10000377,'S000092',1,100.00,100.00,'A00003'),('1000037801',10000378,'S000001',1,3.50,3.50,'A00001'),('1000037802',10000378,'S000002',2,52.50,105.00,'A00001'),('1000037803',10000378,'S000005',1,4.00,4.00,'A00001'),('1000037901',10000379,'S000001',1,3.50,3.50,'A00001'),('1000037902',10000379,'S000002',1,52.50,52.50,'A00001'),('1000038001',10000380,'S000001',1,3.50,3.50,'A00001'),('1000038101',10000381,'S000091',1,50.00,50.00,'A00003');
/*!40000 ALTER TABLE `子订单信息表` ENABLE KEYS */;
UNLOCK TABLES;

--
-- Table structure for table `子进货表`
--

DROP TABLE IF EXISTS `子进货表`;
/*!40101 SET @saved_cs_client     = @@character_set_client */;
/*!40101 SET character_set_client = utf8 */;
CREATE TABLE `子进货表` (
  `子采购编号` varchar(255) NOT NULL,
  `采购编号` varchar(255) NOT NULL,
  `商品编号` varchar(255) NOT NULL,
  `商品单价` decimal(25,2) DEFAULT NULL,
  `数量` int(65) DEFAULT NULL,
  `子采购总额` decimal(25,2) DEFAULT NULL,
  PRIMARY KEY (`子采购编号`),
  KEY `采购编号` (`采购编号`),
  KEY `进货对应的商品编号` (`商品编号`),
  CONSTRAINT `进货对应的商品编号` FOREIGN KEY (`商品编号`) REFERENCES `商品清单` (`商品编号`),
  CONSTRAINT `采购编号` FOREIGN KEY (`采购编号`) REFERENCES `进货表` (`采购编号`)
) ENGINE=InnoDB DEFAULT CHARSET=utf8;
/*!40101 SET character_set_client = @saved_cs_client */;

--
-- Dumping data for table `子进货表`
--

LOCK TABLES `子进货表` WRITE;
/*!40000 ALTER TABLE `子进货表` DISABLE KEYS */;
INSERT INTO `子进货表` VALUES ('C0000010001','C000001','S000001',3.50,1723,6030.50),('C0000010002','C000001','S000002',52.50,12,630.00),('C0000010003','C000001','S000003',70.00,1,70.00),('C0000010004','C000001','S000004',85.00,2,170.00),('C0000010005','C000001','S000005',4.00,567,2268.00),('C0000020001','C000002','S000034',188.00,1,188.00),('C0000020002','C000002','S000035',188.00,2,376.00),('C0000020003','C000002','S000036',188.00,3,564.00),('C0000020004','C000002','S000037',188.00,4,752.00),('C0000020005','C000002','S000038',188.00,5,940.00),('C0000020006','C000002','S000039',188.00,6,1128.00),('C0000020007','C000002','S000040',188.00,7,1316.00),('C0000020008','C000002','S000041',188.00,8,1504.00),('C0000020009','C000002','S000042',188.00,9,1692.00),('C0000020010','C000002','S000043',188.00,10,1880.00),('C0000020011','C000002','S000044',188.00,11,2068.00),('C0000020012','C000002','S000045',188.00,12,2256.00),('C0000020013','C000002','S000046',188.00,13,2444.00),('C0000020014','C000002','S000047',188.00,14,2632.00),('C0000020015','C000002','S000048',188.00,15,2820.00),('C0000020016','C000002','S000049',188.00,16,3008.00),('C0000020017','C000002','S000050',188.00,17,3196.00),('C0000020018','C000002','S000051',188.00,18,3384.00),('C0000020019','C000002','S000052',188.00,19,3572.00),('C0000020020','C000002','S000053',188.00,20,3760.00),('C0000020021','C000002','S000054',188.00,21,3948.00),('C0000020022','C000002','S000055',188.00,22,4136.00),('C0000020023','C000002','S000056',188.00,23,4324.00),('C0000020024','C000002','S000057',188.00,24,4512.00),('C0000020025','C000002','S000058',188.00,25,4700.00),('C0000020026','C000002','S000059',188.00,26,4888.00),('C0000020027','C000002','S000060',188.00,27,5076.00),('C0000020028','C000002','S000061',188.00,28,5264.00),('C0000030001','C000003','S000001',3.50,8,28.00),('C0000030002','C000003','S000005',4.00,4,16.00),('C0000040001','C000004','S000006',138.00,2,276.00),('C0000050001','C000005','S000092',100.00,2,200.00),('C0000060001','C000006','S000096',1500.00,2,3000.00);
/*!40000 ALTER TABLE `子进货表` ENABLE KEYS */;
UNLOCK TABLES;

--
-- Table structure for table `教材计划`
--

DROP TABLE IF EXISTS `教材计划`;
/*!40101 SET @saved_cs_client     = @@character_set_client */;
/*!40101 SET character_set_client = utf8 */;
CREATE TABLE `教材计划` (
  `教材代码` varchar(255) NOT NULL,
  `学院` varchar(255) NOT NULL,
  `单价` decimal(12,2) NOT NULL,
  `专业` varchar(255) NOT NULL,
  `学期` varchar(255) NOT NULL,
  `课程名` varchar(255) NOT NULL,
  `教材名` varchar(255) DEFAULT NULL,
  `出版社` varchar(255) DEFAULT NULL,
  PRIMARY KEY (`教材代码`),
  CONSTRAINT `教材编号` FOREIGN KEY (`教材代码`) REFERENCES `商品清单` (`商品编号`)
) ENGINE=InnoDB DEFAULT CHARSET=utf8;
/*!40101 SET character_set_client = @saved_cs_client */;

--
-- Dumping data for table `教材计划`
--

LOCK TABLES `教材计划` WRITE;
/*!40000 ALTER TABLE `教材计划` DISABLE KEYS */;
INSERT INTO `教材计划` VALUES ('S000099','本科统一教材',54.14,'本科一批','第1学期','大学计算机信息技术','大学计算机信息技术基础','苏州大学出版社'),('S000100','本科统一教材',34.84,'本科一批','第1学期','大学英语1','大学英语1','苏州大学出版社'),('S000101','本科统一教材',30.88,'本科一批','第2学期','大学英语2','大学英语2','苏州大学出版社'),('S000102','本科统一教材',72.69,'本科一批','第3学期','大学英语3','大学英语3','苏州大学出版社'),('S000103','本科统一教材',40.48,'本科一批','第4学期','大学英语4','大学英语4','苏州大学出版社'),('S000104','本科统一教材',70.20,'本科一批','第1学期','大学普通物理1','大学普通物理1','苏州大学出版社'),('S000105','本科统一教材',65.75,'本科一批','第2学期','大学普通物理2','大学普通物理2','苏州大学出版社'),('S000106','本科统一教材',89.89,'本科一批','第1学期','高等数学1','高等数学1','苏州大学出版社'),('S000107','本科统一教材',45.24,'本科一批','第2学期','高等数学2','高等数学2','苏州大学出版社'),('S000108','本科统一教材',39.95,'本科一批','第1学期','线性代数','线性代数','苏州大学出版社'),('S000109','本科统一教材',60.36,'本科一批','第2学期','概率论与数理统计','概率论与数理统计','苏州大学出版社'),('S000110','本科统一教材',56.22,'本科一批','第1学期','体育与健康1','体育与健康1','苏州大学出版社'),('S000111','本科统一教材',57.37,'本科一批','第2学期','体育与健康2','体育与健康2','苏州大学出版社'),('S000112','本科统一教材',42.81,'本科一批','第3学期','体育与健康3','体育与健康3','苏州大学出版社'),('S000113','本科统一教材',57.98,'本科一批','第4学期','体育与健康4','体育与健康4','苏州大学出版社'),('S000114','本科统一教材',65.22,'本科一批','第1学期','思想道德修养','思想道德修养','苏州大学出版社'),('S000115','本科统一教材',81.28,'本科一批','第2学期','马克思主义原理','马克思主义原理','苏州大学出版社'),('S000116','本科统一教材',81.44,'本科一批','第3学期','近代史纲要','近代史纲要','苏州大学出版社'),('S000117','本科统一教材',64.77,'本科一批','第4学期','毛泽东思想概论','毛泽东思想概论','苏州大学出版社'),('S000118','本科统一教材',71.15,'本科一批','第1学期','形势与政策1','形势与政策1','苏州大学出版社'),('S000119','本科统一教材',88.46,'本科一批','第2学期','形势与政策2','形势与政策2','苏州大学出版社'),('S000120','本科统一教材',48.80,'本科一批','第1学期','职业生涯规划1','职业生涯规划1','苏州大学出版社'),('S000121','本科统一教材',63.65,'本科一批','第2学期','职业生涯规划2','职业生涯规划2','苏州大学出版社'),('S000122','计算机科学与技术学院教材',39.18,'计算机科学与技术','第1学期','面向对象与C++程序设计','面向对象与C++程序设计','苏州大学出版社'),('S000123','计算机科学与技术学院教材',78.40,'计算机科学与技术','第2学期','程序设计课程实践','程序设计课程实践','苏州大学出版社'),('S000124','计算机科学与技术学院教材',25.52,'计算机科学与技术','第2学期','信息检索综合实践','信息检索综合实践','苏州大学出版社'),('S000125','计算机科学与技术学院教材',51.19,'计算机科学与技术','第3学期','计算机组成及系统结构','计算机组成及系统结构','苏州大学出版社'),('S000126','计算机科学与技术学院教材',38.33,'计算机科学与技术','第4学期','编译原理','编译原理','苏州大学出版社'),('S000127','计算机科学与技术学院教材',44.09,'计算机科学与技术','第3学期','数据库原理与设计','数据库原理与设计','苏州大学出版社'),('S000128','计算机科学与技术学院教材',59.18,'计算机科学与技术','第4学期','数据库课程实践','数据库课程实践','苏州大学出版社'),('S000129','计算机科学与技术学院教材',43.84,'计算机科学与技术','第4学期','Java程序设计','Java程序设计','苏州大学出版社'),('S000130','计算机科学与技术学院教材',78.11,'计算机科学与技术','第5学期','微型计算机技术','微型计算机技术','苏州大学出版社'),('S000131','计算机科学与技术学院教材',42.13,'计算机科学与技术','第5学期','操作系统课程实践','操作系统课程实践','苏州大学出版社'),('S000132','计算机科学与技术学院教材',67.39,'计算机科学与技术','第6学期','Linux操作系统','Linux操作系统','苏州大学出版社'),('S000133','计算机科学与技术学院教材',27.84,'计算机科学与技术','第6学期','综合项目实践','综合项目实践','苏州大学出版社'),('S000134','计算机科学与技术学院教材',67.97,'计算机科学与技术','第6学期','嵌入式系统及应用','嵌入式系统及应用','苏州大学出版社'),('S000135','计算机科学与技术学院教材',36.61,'计算机科学与技术','第5学期','C语言程序设计','C语言程序设计','苏州大学出版社'),('S000136','计算机科学与技术学院教材',83.76,'计算机科学与技术','第7学期','数据仓库与数据挖掘','数据仓库与数据挖掘','苏州大学出版社'),('S000137','计算机科学与技术学院教材',46.40,'人工智能专业','第1学期','数据结构','数据结构','苏州大学出版社'),('S000138','计算机科学与技术学院教材',78.16,'人工智能专业','第2学期','离散数学','离散数学','苏州大学出版社'),('S000139','计算机科学与技术学院教材',43.54,'人工智能专业','第3学期','神经网络原理','神经网络原理','苏州大学出版社'),('S000140','计算机科学与技术学院教材',85.83,'人工智能专业','第3学期','操作系统','操作系统','苏州大学出版社'),('S000141','计算机科学与技术学院教材',31.91,'人工智能专业','第3学期','知识表示','知识表示','苏州大学出版社'),('S000142','计算机科学与技术学院教材',52.33,'人工智能专业','第4学期','计算机组成与系统结构','计算机组成与系统结构','苏州大学出版社'),('S000143','计算机科学与技术学院教材',90.61,'人工智能专业','第4学期','AI算法设计与分析','AI算法设计与分析','苏州大学出版社'),('S000144','计算机科学与技术学院教材',53.00,'人工智能专业','第4学期','机器学习','机器学习','苏州大学出版社'),('S000145','计算机科学与技术学院教材',86.59,'人工智能专业','第5学期','神经网络原理','神经网络原理','苏州大学出版社'),('S000146','计算机科学与技术学院教材',81.54,'人工智能专业','第5学期','操作系统','操作系统','苏州大学出版社'),('S000147','计算机科学与技术学院教材',72.11,'人工智能专业','第5学期','知识表示','知识表示','苏州大学出版社'),('S000148','计算机科学与技术学院教材',26.49,'人工智能专业','第5学期','计算机组成与系统结构','计算机组成与系统结构','苏州大学出版社'),('S000149','计算机科学与技术学院教材',51.79,'人工智能专业','第6学期','文献阅读和科技写作','文献阅读和科技写作','苏州大学出版社'),('S000150','计算机科学与技术学院教材',50.83,'人工智能专业','第6学期','机器学习','机器学习','苏州大学出版社'),('S000151','计算机科学与技术学院教材',90.08,'人工智能专业','第6学期','专家系统','专家系统','苏州大学出版社'),('S000152','计算机科学与技术学院教材',37.46,'人工智能专业','第7学期','编译原理','编译原理','苏州大学出版社'),('S000153','计算机科学与技术学院教材',71.65,'软件工程专业','第1学期','面向对象与JAVA程序设计','面向对象与JAVA程序设计','苏州大学出版社'),('S000154','计算机科学与技术学院教材',57.33,'软件工程专业','第2学期','程序设计课程实践','程序设计课程实践','苏州大学出版社'),('S000155','计算机科学与技术学院教材',54.69,'软件工程专业','第2学期','信息检索综合实践','信息检索综合实践','苏州大学出版社'),('S000156','计算机科学与技术学院教材',71.92,'软件工程专业','第3学期','计算机硬件基础','计算机硬件基础','苏州大学出版社'),('S000157','计算机科学与技术学院教材',71.56,'软件工程专业','第3学期','数据库原理与设计','数据库原理与设计','苏州大学出版社'),('S000158','计算机科学与技术学院教材',34.95,'软件工程专业','第4学期','数据库课程实践','数据库课程实践','苏州大学出版社'),('S000159','计算机科学与技术学院教材',48.32,'软件工程专业','第4学期','软件系统分析与设计','软件系统分析与设计','苏州大学出版社'),('S000160','计算机科学与技术学院教材',31.60,'软件工程专业','第5学期','软件测试与质量保证课程实践','软件测试与质量保证课程实践','苏州大学出版社'),('S000161','计算机科学与技术学院教材',46.43,'软件工程专业','第5学期','软件项目管理','软件项目管理','苏州大学出版社'),('S000162','计算机科学与技术学院教材',25.24,'软件工程专业','第5学期','Linux操作系统','Linux操作系统','苏州大学出版社'),('S000163','计算机科学与技术学院教材',77.17,'软件工程专业','第6学期','编译原理','编译原理','苏州大学出版社'),('S000164','计算机科学与技术学院教材',83.86,'软件工程专业','第6学期','软件体系结构','软件体系结构','苏州大学出版社'),('S000165','计算机科学与技术学院教材',79.80,'软件工程专业','第5学期','C语言程序设计','C语言程序设计','苏州大学出版社'),('S000166','计算机科学与技术学院教材',73.54,'软件工程专业','第7学期','移动应用开发','移动应用开发','苏州大学出版社'),('S000167','计算机科学与技术学院教材',48.67,'信息管理与信息系统专业','第1学期','面向对象与JAVA程序设计','面向对象与JAVA程序设计','苏州大学出版社'),('S000168','计算机科学与技术学院教材',27.83,'信息管理与信息系统专业','第2学期','程序设计课程实践','程序设计课程实践','苏州大学出版社'),('S000169','计算机科学与技术学院教材',47.76,'信息管理与信息系统专业','第3学期','运筹学','运筹学','苏州大学出版社'),('S000170','计算机科学与技术学院教材',36.03,'信息管理与信息系统专业','第4学期','管理统计学','管理统计学','苏州大学出版社'),('S000171','计算机科学与技术学院教材',39.62,'信息管理与信息系统专业','第3学期','生产与运作管理','生产与运作管理','苏州大学出版社'),('S000172','计算机科学与技术学院教材',35.17,'信息管理与信息系统专业','第3学期','经济学','经济学','苏州大学出版社'),('S000173','计算机科学与技术学院教材',79.20,'信息管理与信息系统专业','第4学期','管理信息系统','管理信息系统','苏州大学出版社'),('S000174','计算机科学与技术学院教材',37.07,'信息管理与信息系统专业','第4学期','数据库课程设计','数据库课程设计','苏州大学出版社'),('S000175','计算机科学与技术学院教材',76.67,'信息管理与信息系统专业','第5学期','信息组织与检索','信息组织与检索','苏州大学出版社'),('S000176','计算机科学与技术学院教材',41.48,'信息管理与信息系统专业','第5学期','电子商务与网络营销','电子商务与网络营销','苏州大学出版社'),('S000177','计算机科学与技术学院教材',53.29,'信息管理与信息系统专业','第5学期','信息系统项目管理','信息系统项目管理','苏州大学出版社'),('S000178','计算机科学与技术学院教材',70.45,'信息管理与信息系统专业','第6学期','财务管理','财务管理','苏州大学出版社'),('S000179','计算机科学与技术学院教材',64.66,'信息管理与信息系统专业','第6学期','信息系统分析与设计','信息系统分析与设计','苏州大学出版社'),('S000180','计算机科学与技术学院教材',26.92,'信息管理与信息系统专业','第6学期','C语言程序设计','C语言程序设计','苏州大学出版社'),('S000181','计算机科学与技术学院教材',73.18,'信息管理与信息系统专业','第7学期','数据仓库与数据挖掘','数据仓库与数据挖掘','苏州大学出版社'),('S000182','数学科学学院教材',86.05,'数学与应用数学（基地）','第1学期','解析几何','解析几何','苏州大学出版社'),('S000183','数学科学学院教材',25.26,'数学与应用数学（基地）','第1学期','数学分析1','数学分析1','苏州大学出版社'),('S000184','数学科学学院教材',48.70,'数学与应用数学（基地）','第1学期','高等代数1','高等代数1','苏州大学出版社'),('S000185','数学科学学院教材',77.37,'数学与应用数学（基地）','第2学期','数学分析2','数学分析2','苏州大学出版社'),('S000186','数学科学学院教材',54.10,'数学与应用数学（基地）','第2学期','高等代数2','高等代数2','苏州大学出版社'),('S000187','数学科学学院教材',82.17,'数学与应用数学（基地）','第2学期','C语言程序设计','C语言程序设计','苏州大学出版社'),('S000188','数学科学学院教材',31.54,'数学与应用数学（基地）','第3学期','数学分析3','数学分析3','苏州大学出版社'),('S000189','数学科学学院教材',74.84,'数学与应用数学（基地）','第3学期','抽象代数1','抽象代数1','苏州大学出版社'),('S000190','数学科学学院教材',40.38,'数学与应用数学（基地）','第3学期','拓扑学1','拓扑学1','苏州大学出版社'),('S000191','数学科学学院教材',30.59,'数学与应用数学（基地）','第4学期','复变函数1','复变函数1','苏州大学出版社'),('S000192','数学科学学院教材',25.48,'数学与应用数学（基地）','第4学期','抽象代数2','抽象代数2','苏州大学出版社'),('S000193','数学科学学院教材',54.29,'数学与应用数学（基地）','第4学期','数学史','数学史','苏州大学出版社'),('S000194','数学科学学院教材',28.30,'数学与应用数学（基地）','第5学期','微分几何','微分几何','苏州大学出版社'),('S000195','数学科学学院教材',71.38,'数学与应用数学（基地）','第5学期','实变函数1','实变函数1','苏州大学出版社'),('S000196','数学科学学院教材',44.20,'数学与应用数学（基地）','第5学期','初等数论','初等数论','苏州大学出版社'),('S000197','数学科学学院教材',35.04,'数学与应用数学（基地）','第6学期','泛函分析','泛函分析','苏州大学出版社'),('S000198','数学科学学院教材',43.78,'数学与应用数学（基地）','第6学期','群论','群论','苏州大学出版社'),('S000199','数学科学学院教材',37.55,'数学与应用数学（基地）','第6学期','交换代数','交换代数','苏州大学出版社'),('S000200','数学科学学院教材',87.89,'数学与应用数学（基地）','第7学期','常微与动力系统','常微与动力系统','苏州大学出版社'),('S000201','数学科学学院教材',56.04,'数学与应用数学（基地）','第7学期','伽罗瓦理论','伽罗瓦理论','苏州大学出版社'),('S000202','数学科学学院教材',38.76,'数学与应用数学（基地）','第7学期','拓扑学2','拓扑学2','苏州大学出版社'),('S000203','数学科学学院教材',37.52,'数学与应用数学（师范）','第1学期','解析几何','解析几何','苏州大学出版社'),('S000204','数学科学学院教材',43.48,'数学与应用数学（师范）','第1学期','数学分析1','数学分析1','苏州大学出版社'),('S000205','数学科学学院教材',75.92,'数学与应用数学（师范）','第1学期','高等代数1','高等代数1','苏州大学出版社'),('S000206','数学科学学院教材',66.56,'数学与应用数学（师范）','第2学期','数学分析2','数学分析2','苏州大学出版社'),('S000207','数学科学学院教材',88.19,'数学与应用数学（师范）','第2学期','高等代数2','高等代数2','苏州大学出版社'),('S000208','数学科学学院教材',77.13,'数学与应用数学（师范）','第2学期','C语言程序设计','C语言程序设计','苏州大学出版社'),('S000209','数学科学学院教材',82.05,'数学与应用数学（师范）','第3学期','数学分析3','数学分析3','苏州大学出版社'),('S000210','数学科学学院教材',59.21,'数学与应用数学（师范）','第3学期','中学生认知与学习','中学生认知与学习','苏州大学出版社'),('S000211','数学科学学院教材',49.03,'数学与应用数学（师范）','第3学期','教师口语','教师口语','苏州大学出版社'),('S000212','数学科学学院教材',72.15,'数学与应用数学（师范）','第4学期','有效教学','有效教学','苏州大学出版社'),('S000213','数学科学学院教材',43.89,'数学与应用数学（师范）','第4学期','教育学原理','教育学原理','苏州大学出版社'),('S000214','数学科学学院教材',61.51,'数学与应用数学（师范）','第4学期','书法基础','书法基础','苏州大学出版社'),('S000215','数学科学学院教材',44.50,'数学与应用数学（师范）','第5学期','数学教育学','数学教育学','苏州大学出版社'),('S000216','数学科学学院教材',76.01,'数学与应用数学（师范）','第5学期','初等数学研究','初等数学研究','苏州大学出版社'),('S000217','数学科学学院教材',57.53,'数学与应用数学（师范）','第5学期','教师教育技术','教师教育技术','苏州大学出版社'),('S000218','数学科学学院教材',48.43,'数学与应用数学（师范）','第6学期','微格教学','微格教学','苏州大学出版社'),('S000219','数学科学学院教材',28.08,'数学与应用数学（师范）','第6学期','教育研究方法','教育研究方法','苏州大学出版社'),('S000220','数学科学学院教材',26.36,'数学与应用数学（师范）','第6学期','初等数学建模','初等数学建模','苏州大学出版社'),('S000221','数学科学学院教材',41.93,'数学与应用数学（师范）','第7学期','竞赛数学','竞赛数学','苏州大学出版社'),('S000222','数学科学学院教材',38.04,'数学与应用数学（师范）','第7学期','现代数学教育技术','现代数学教育技术','苏州大学出版社'),('S000223','数学科学学院教材',75.44,'数学与应用数学（师范）','第7学期','微分几何','微分几何','苏州大学出版社'),('S000224','数学科学学院教材',28.71,'信息与计算科学','第1学期','解析几何','解析几何','苏州大学出版社'),('S000225','数学科学学院教材',28.28,'信息与计算科学','第1学期','数学分析1','数学分析1','苏州大学出版社'),('S000226','数学科学学院教材',56.78,'信息与计算科学','第1学期','高等代数1','高等代数1','苏州大学出版社'),('S000227','数学科学学院教材',84.14,'信息与计算科学','第2学期','数学分析2','数学分析2','苏州大学出版社'),('S000228','数学科学学院教材',46.85,'信息与计算科学','第2学期','高等代数2','高等代数2','苏州大学出版社'),('S000229','数学科学学院教材',41.31,'信息与计算科学','第2学期','C语言程序设计','C语言程序设计','苏州大学出版社'),('S000230','数学科学学院教材',87.87,'信息与计算科学','第3学期','数学分析3','数学分析3','苏州大学出版社'),('S000231','数学科学学院教材',39.76,'信息与计算科学','第3学期','离散数学','离散数学','苏州大学出版社'),('S000232','数学科学学院教材',83.95,'信息与计算科学','第3学期','计算机网络','计算机网络','苏州大学出版社'),('S000233','数学科学学院教材',89.94,'信息与计算科学','第4学期','Java面向对象程序设计','Java面向对象程序设计','苏州大学出版社'),('S000234','数学科学学院教材',86.22,'信息与计算科学','第4学期','数据结构','数据结构','苏州大学出版社'),('S000235','数学科学学院教材',67.42,'信息与计算科学','第4学期','数学模型与数学软件','数学模型与数学软件','苏州大学出版社'),('S000236','数学科学学院教材',36.14,'信息与计算科学','第5学期','软件设计基础','软件设计基础','苏州大学出版社'),('S000237','数学科学学院教材',77.85,'信息与计算科学','第5学期','数据库原理及应用','数据库原理及应用','苏州大学出版社'),('S000238','数学科学学院教材',32.44,'信息与计算科学','第5学期','操作系统','操作系统','苏州大学出版社'),('S000239','数学科学学院教材',90.72,'信息与计算科学','第6学期','数据科学导论','数据科学导论','苏州大学出版社'),('S000240','数学科学学院教材',75.18,'信息与计算科学','第6学期','运筹学','运筹学','苏州大学出版社'),('S000241','数学科学学院教材',57.30,'信息与计算科学','第6学期','数值分析','数值分析','苏州大学出版社'),('S000242','数学科学学院教材',55.08,'信息与计算科学','第7学期','三维图形设计','三维图形设计','苏州大学出版社'),('S000243','数学科学学院教材',60.13,'信息与计算科学','第7学期','web开发实训','web开发实训','苏州大学出版社'),('S000244','数学科学学院教材',51.32,'信息与计算科学','第7学期','算法实践','算法实践','苏州大学出版社'),('S000245','数学科学学院教材',66.58,'统计学','第1学期','解析几何','解析几何','苏州大学出版社'),('S000246','数学科学学院教材',51.50,'统计学','第1学期','数学分析1','数学分析1','苏州大学出版社'),('S000247','数学科学学院教材',39.25,'统计学','第1学期','高等代数1','高等代数1','苏州大学出版社'),('S000248','数学科学学院教材',64.51,'统计学','第2学期','数学分析2','数学分析2','苏州大学出版社'),('S000249','数学科学学院教材',25.38,'统计学','第2学期','高等代数2','高等代数2','苏州大学出版社'),('S000250','数学科学学院教材',50.53,'统计学','第2学期','C语言程序设计','C语言程序设计','苏州大学出版社'),('S000251','数学科学学院教材',64.00,'统计学','第3学期','数学分析3','数学分析3','苏州大学出版社'),('S000252','数学科学学院教材',81.90,'统计学','第3学期','统计学基础','统计学基础','苏州大学出版社'),('S000253','数学科学学院教材',81.38,'统计学','第3学期','组合数学','组合数学','苏州大学出版社'),('S000254','数学科学学院教材',50.75,'统计学','第4学期','抽样调查','抽样调查','苏州大学出版社'),('S000255','数学科学学院教材',75.74,'统计学','第4学期','定性数据分析','定性数据分析','苏州大学出版社'),('S000256','数学科学学院教材',67.56,'统计学','第4学期','数学模型与数学软件','数学模型与数学软件','苏州大学出版社'),('S000257','数学科学学院教材',44.23,'统计学','第5学期','统计计算与SAS软件','统计计算与SAS软件','苏州大学出版社'),('S000258','数学科学学院教材',73.72,'统计学','第5学期','应用多元分析','应用多元分析','苏州大学出版社'),('S000259','数学科学学院教材',43.32,'统计学','第5学期','应用回归分析','应用回归分析','苏州大学出版社'),('S000260','数学科学学院教材',68.97,'统计学','第6学期','质量工程管理与ISO','质量工程管理与ISO','苏州大学出版社'),('S000261','数学科学学院教材',39.61,'统计学','第6学期','应用时间序列','应用时间序列','苏州大学出版社'),('S000262','数学科学学院教材',26.16,'统计学','第6学期','试验设计','试验设计','苏州大学出版社'),('S000263','数学科学学院教材',68.05,'统计学','第7学期','应用随机过程','应用随机过程','苏州大学出版社'),('S000264','数学科学学院教材',34.79,'统计学','第7学期','伽罗瓦理论','伽罗瓦理论','苏州大学出版社'),('S000265','数学科学学院教材',36.27,'统计学','第7学期','投资项目评估','投资项目评估','苏州大学出版社'),('S000266','数学科学学院教材',36.54,'金融数学','第1学期','货币银行学','货币银行学','苏州大学出版社'),('S000267','数学科学学院教材',86.62,'金融数学','第1学期','数学分析1','数学分析1','苏州大学出版社'),('S000268','数学科学学院教材',63.48,'金融数学','第1学期','高等代数1','高等代数1','苏州大学出版社'),('S000269','数学科学学院教材',34.56,'金融数学','第2学期','数学分析2','数学分析2','苏州大学出版社'),('S000270','数学科学学院教材',60.40,'金融数学','第2学期','高等代数2','高等代数2','苏州大学出版社'),('S000271','数学科学学院教材',40.78,'金融数学','第2学期','C语言程序设计','C语言程序设计','苏州大学出版社'),('S000272','数学科学学院教材',88.97,'金融数学','第3学期','数学分析3','数学分析3','苏州大学出版社'),('S000273','数学科学学院教材',87.48,'金融数学','第3学期','国际贸易理论','国际贸易理论','苏州大学出版社'),('S000274','数学科学学院教材',88.59,'金融数学','第3学期','财务会计','财务会计','苏州大学出版社'),('S000275','数学科学学院教材',86.13,'金融数学','第4学期','财务报表分析','财务报表分析','苏州大学出版社'),('S000276','数学科学学院教材',30.12,'金融数学','第4学期','证券投资1','证券投资1','苏州大学出版社'),('S000277','数学科学学院教材',78.11,'金融数学','第4学期','数学史','数学史','苏州大学出版社'),('S000278','数学科学学院教材',38.35,'金融数学','第5学期','中央银行概论','中央银行概论','苏州大学出版社'),('S000279','数学科学学院教材',87.87,'金融数学','第5学期','财政学','财政学','苏州大学出版社'),('S000280','数学科学学院教材',38.30,'金融数学','第5学期','保险学','保险学','苏州大学出版社'),('S000281','数学科学学院教材',42.89,'金融数学','第6学期','风险管理','风险管理','苏州大学出版社'),('S000282','数学科学学院教材',51.83,'金融数学','第6学期','金融工程原理','金融工程原理','苏州大学出版社'),('S000283','数学科学学院教材',84.22,'金融数学','第6学期','投资银行概论','投资银行概论','苏州大学出版社'),('S000284','数学科学学院教材',55.90,'金融数学','第7学期','经济法概论','经济法概论','苏州大学出版社'),('S000285','数学科学学院教材',77.07,'金融数学','第7学期','计量经济学','计量经济学','苏州大学出版社'),('S000286','数学科学学院教材',72.94,'金融数学','第7学期','金融专业英语','金融专业英语','苏州大学出版社');
/*!40000 ALTER TABLE `教材计划` ENABLE KEYS */;
UNLOCK TABLES;

--
-- Table structure for table `清算表`
--

DROP TABLE IF EXISTS `清算表`;
/*!40101 SET @saved_cs_client     = @@character_set_client */;
/*!40101 SET character_set_client = utf8 */;
CREATE TABLE `清算表` (
  `清算号` varchar(255) NOT NULL,
  `采购编号` varchar(255) NOT NULL,
  `定金金额` decimal(12,2) DEFAULT NULL,
  `定金状态` int(65) NOT NULL,
  `尾款` decimal(12,2) DEFAULT NULL,
  `尾款状态` int(65) NOT NULL,
  `定金支付时间` datetime DEFAULT NULL,
  `尾款支付期限` datetime DEFAULT NULL,
  PRIMARY KEY (`清算号`),
  KEY `清算对应的采购号` (`采购编号`),
  CONSTRAINT `清算对应的采购号` FOREIGN KEY (`采购编号`) REFERENCES `进货表` (`采购编号`)
) ENGINE=InnoDB DEFAULT CHARSET=utf8;
/*!40101 SET character_set_client = @saved_cs_client */;

--
-- Dumping data for table `清算表`
--

LOCK TABLES `清算表` WRITE;
/*!40000 ALTER TABLE `清算表` DISABLE KEYS */;
INSERT INTO `清算表` VALUES ('Q000001','C000001',9168.50,1,0.00,1,'2020-01-01 00:00:00','2020-01-01 00:00:00'),('Q000002','C000002',76328.00,1,0.00,1,'2020-01-01 00:00:00','2020-01-01 00:00:00'),('Q000003','C000003',44.00,0,0.00,0,NULL,NULL),('Q000004','C000004',276.00,0,0.00,0,NULL,NULL),('Q000005','C000005',200.00,0,0.00,0,NULL,NULL),('Q000006','C000006',3000.00,0,0.00,0,NULL,NULL);
/*!40000 ALTER TABLE `清算表` ENABLE KEYS */;
UNLOCK TABLES;

--
-- Table structure for table `用户信息表`
--

DROP TABLE IF EXISTS `用户信息表`;
/*!40101 SET @saved_cs_client     = @@character_set_client */;
/*!40101 SET character_set_client = utf8 */;
CREATE TABLE `用户信息表` (
  `学号` varchar(255) NOT NULL,
  `学校` varchar(255) DEFAULT NULL,
  `姓名` varchar(255) DEFAULT NULL,
  `院系` varchar(255) DEFAULT NULL,
  `专业` varchar(255) DEFAULT NULL,
  `性别` varchar(255) DEFAULT NULL,
  `年级` varchar(255) DEFAULT NULL,
  `在读状态` int(65) DEFAULT NULL,
  `密码` varchar(255) NOT NULL DEFAULT '11111111',
  PRIMARY KEY (`学号`),
  KEY `学校` (`学校`),
  CONSTRAINT `学校` FOREIGN KEY (`学校`) REFERENCES `管理员信息表` (`学校`)
) ENGINE=InnoDB DEFAULT CHARSET=utf8;
/*!40101 SET character_set_client = @saved_cs_client */;

--
-- Dumping data for table `用户信息表`
--

LOCK TABLES `用户信息表` WRITE;
/*!40000 ALTER TABLE `用户信息表` DISABLE KEYS */;
INSERT INTO `用户信息表` VALUES ('1607400001','苏州大学','锁依琴','数学科学学院','数学与应用数学（基地）','男','16',1,'63YXh9fM'),('1607400002','苏州大学','颜辰','数学科学学院','数学与应用数学（基地）','男','16',1,'iW7mvUmT'),('1607400003','苏州大学','碧鲁隽','数学科学学院','数学与应用数学（基地）','男','16',1,'xgpjwGEb'),('1607400004','苏州大学','始璠瑜','数学科学学院','数学与应用数学（基地）','男','16',1,'3tXv230m'),('1607400005','苏州大学','东郭真','数学科学学院','数学与应用数学（基地）','男','16',1,'UxqgRquk'),('1607400006','苏州大学','公良幼菱','数学科学学院','数学与应用数学（基地）','男','16',1,'aXea4BL2'),('1607400007','苏州大学','僪冷萱','数学科学学院','数学与应用数学（基地）','男','16',1,'NkHFsSZ0'),('1607400008','苏州大学','奚含之','数学科学学院','数学与应用数学（基地）','男','16',1,'KBRvE2Dm'),('1607400009','苏州大学','夷瑞渊','数学科学学院','数学与应用数学（基地）','男','16',1,'eRRp4Ov9'),('1607400010','苏州大学','闻海阳','数学科学学院','数学与应用数学（基地）','男','16',1,'yOXEzEbI'),('1607400011','苏州大学','次幼丝','数学科学学院','数学与应用数学（基地）','男','16',1,'T3f2iSCF'),('1607400012','苏州大学','练曼珠','数学科学学院','数学与应用数学（基地）','男','16',1,'lOnTiYwa'),('1607400013','苏州大学','黄岚翠','数学科学学院','数学与应用数学（基地）','男','16',1,'HGWCimtR'),('1607400014','苏州大学','富晓星','数学科学学院','数学与应用数学（基地）','男','16',1,'k7XQquCe'),('1607400015','苏州大学','利乐逸','数学科学学院','数学与应用数学（基地）','男','16',1,'qV9VGYHU'),('1607400016','苏州大学','訾艳卉','数学科学学院','数学与应用数学（基地）','男','16',1,'rhpqPcLZ'),('1607400017','苏州大学','左欣嘉','数学科学学院','数学与应用数学（基地）','男','16',1,'e9N59Glj'),('1607400018','苏州大学','平意蕴','数学科学学院','数学与应用数学（基地）','男','16',1,'a3USZE8P'),('1607400019','苏州大学','北天韵','数学科学学院','数学与应用数学（基地）','男','16',1,'gOFbPTAG'),('1607400020','苏州大学','纳螺','数学科学学院','数学与应用数学（基地）','男','16',1,'eFZoinyP'),('1607400021','苏州大学','辛忆曼','数学科学学院','数学与应用数学（基地）','男','16',1,'hmjkgSqZ'),('1607400022','苏州大学','倪尔柳','数学科学学院','数学与应用数学（基地）','男','16',1,'fSvYp2pQ'),('1607400023','苏州大学','寿山兰','数学科学学院','数学与应用数学（基地）','男','16',1,'p2ZwyEM6'),('1607400024','苏州大学','东方布侬','数学科学学院','数学与应用数学（基地）','男','16',1,'dwQBmGYM'),('1607400025','苏州大学','腾乐容','数学科学学院','数学与应用数学（基地）','男','16',1,'ExLtM7tT'),('1607400026','苏州大学','全云岚','数学科学学院','数学与应用数学（基地）','男','16',1,'vhIuCpkX'),('1607400027','苏州大学','骆皓月','数学科学学院','数学与应用数学（基地）','男','16',1,'jjMh3yaG'),('1607400028','苏州大学','侨春晓','数学科学学院','数学与应用数学（基地）','男','16',1,'EsFVtam6'),('1607400029','苏州大学','乜旭','数学科学学院','数学与应用数学（基地）','男','16',1,'lAlf1FzJ'),('1607400030','苏州大学','羊若骞','数学科学学院','数学与应用数学（基地）','男','16',1,'BNSHjQ9Y'),('1607400031','苏州大学','僧梦安','数学科学学院','数学与应用数学（基地）','男','16',1,'DB805gcE'),('1607400032','苏州大学','司书','数学科学学院','数学与应用数学（基地）','男','16',1,'ZQNgAhdD'),('1607400033','苏州大学','封弘大','数学科学学院','数学与应用数学（基地）','男','16',1,'HSbOrNmP'),('1607400034','苏州大学','蒿嘉珍','数学科学学院','数学与应用数学（基地）','男','16',1,'jc7iYzZ2'),('1607400035','苏州大学','威舒云','数学科学学院','数学与应用数学（基地）','男','16',1,'P7isFIpx'),('1607400036','苏州大学','智芮优','数学科学学院','数学与应用数学（基地）','男','16',1,'VgaNHunN'),('1607400037','苏州大学','示觅儿','数学科学学院','数学与应用数学（基地）','男','16',1,'sw5vxiIC'),('1607400038','苏州大学','源志泽','数学科学学院','数学与应用数学（基地）','男','16',1,'vVLPfmyF'),('1607400039','苏州大学','萨曼丽','数学科学学院','数学与应用数学（基地）','男','16',1,'1Vvo5eXn'),('1607400040','苏州大学','汪静秀','数学科学学院','数学与应用数学（基地）','男','16',1,'sHvjAHkW'),('1607400041','苏州大学','贯秋柳','数学科学学院','数学与应用数学（基地）','男','16',1,'N7pYUwAC'),('1607400042','苏州大学','逮书雁','数学科学学院','数学与应用数学（基地）','男','16',1,'hpuXmy2A'),('1607400043','苏州大学','司马悠','数学科学学院','数学与应用数学（基地）','男','16',1,'SjUd1geC'),('1607400044','苏州大学','答华藏','数学科学学院','数学与应用数学（基地）','男','16',1,'QNGZiTDj'),('1607400045','苏州大学','登睿博','数学科学学院','数学与应用数学（基地）','男','16',1,'NAHGFjjx'),('1607400046','苏州大学','允琴轩','数学科学学院','数学与应用数学（基地）','男','16',1,'GdHD1FR9'),('1607400047','苏州大学','咎骊茹','数学科学学院','数学与应用数学（基地）','男','16',1,'h8a6w5jz'),('1607400048','苏州大学','闽仲舒','数学科学学院','数学与应用数学（基地）','男','16',1,'LvFEFyam'),('1607400049','苏州大学','奕柔妙','数学科学学院','数学与应用数学（基地）','男','16',1,'SRoOjhkb'),('1607400050','苏州大学','路安妮','数学科学学院','数学与应用数学（基地）','男','16',1,'gkXUrPjh'),('1607400051','苏州大学','乐长文','数学科学学院','数学与应用数学（基地）','女','16',1,'yCha09tW'),('1607400052','苏州大学','春暮芸','数学科学学院','数学与应用数学（基地）','女','16',1,'NKL3nofR'),('1607400053','苏州大学','莘昊苍','数学科学学院','数学与应用数学（基地）','女','16',1,'GnkKPrfW'),('1607400054','苏州大学','雀好','数学科学学院','数学与应用数学（基地）','女','16',1,'sn3GBRm5'),('1607400055','苏州大学','子车瑞绣','数学科学学院','数学与应用数学（基地）','女','16',1,'qIwj1bfC'),('1607400056','苏州大学','欧勋','数学科学学院','数学与应用数学（基地）','女','16',1,'Zs0nV3np'),('1607400057','苏州大学','斯通','数学科学学院','数学与应用数学（基地）','女','16',1,'qdbrrsJU'),('1607400058','苏州大学','帅青枫','数学科学学院','数学与应用数学（基地）','女','16',1,'HBv5eb41'),('1607400059','苏州大学','屠典','数学科学学院','数学与应用数学（基地）','女','16',1,'NurK9rGJ'),('1607400060','苏州大学','历鸿轩','数学科学学院','数学与应用数学（基地）','女','16',1,'NGDoGrOl'),('1607400061','苏州大学','皇渊','数学科学学院','数学与应用数学（基地）','女','16',1,'RyGfVn3K'),('1607400062','苏州大学','冷曼云','数学科学学院','数学与应用数学（基地）','女','16',1,'5htryHz3'),('1607400063','苏州大学','校玥','数学科学学院','数学与应用数学（基地）','女','16',1,'L48FW3lA'),('1607400064','苏州大学','隽高超','数学科学学院','数学与应用数学（基地）','女','16',1,'dX5Oj6ty'),('1607400065','苏州大学','暨斐','数学科学学院','数学与应用数学（基地）','女','16',1,'7HP7TpZP'),('1607400066','苏州大学','扈彦红','数学科学学院','数学与应用数学（基地）','女','16',1,'fqI0pFHv'),('1607400067','苏州大学','公孙元芹','数学科学学院','数学与应用数学（基地）','女','16',1,'s1W9oASt'),('1607400068','苏州大学','乾又绿','数学科学学院','数学与应用数学（基地）','女','16',1,'hOmYTSAb'),('1607400069','苏州大学','五立诚','数学科学学院','数学与应用数学（基地）','女','16',1,'1qCr7lg1'),('1607400070','苏州大学','逢白凡','数学科学学院','数学与应用数学（基地）','女','16',1,'SiIWb1gI'),('1607400071','苏州大学','承富','数学科学学院','数学与应用数学（基地）','女','16',1,'MFkPdbRs'),('1607400072','苏州大学','魏颂','数学科学学院','数学与应用数学（基地）','女','16',1,'seaY8vAH'),('1607400073','苏州大学','隗雅珺','数学科学学院','数学与应用数学（基地）','女','16',1,'fOktxlbt'),('1607400074','苏州大学','任凝芙','数学科学学院','数学与应用数学（基地）','女','16',1,'YDounS8r'),('1607400075','苏州大学','宋雪卉','数学科学学院','数学与应用数学（基地）','女','16',1,'fdX1Atlo'),('1607400076','苏州大学','栾白翠','数学科学学院','数学与应用数学（基地）','女','16',1,'qvR75J39'),('1607400077','苏州大学','瓮采文','数学科学学院','数学与应用数学（基地）','女','16',1,'QJ5BWWiC'),('1607400078','苏州大学','良芮波','数学科学学院','数学与应用数学（基地）','女','16',1,'gSNTLHCD'),('1607400079','苏州大学','施浩言','数学科学学院','数学与应用数学（基地）','女','16',1,'8XZ9yWyf'),('1607400080','苏州大学','首思柔','数学科学学院','数学与应用数学（基地）','女','16',1,'C8KzuCdM'),('1607400081','苏州大学','英白梅','数学科学学院','数学与应用数学（基地）','女','16',1,'oJcG4ECg'),('1607400082','苏州大学','吴秀媛','数学科学学院','数学与应用数学（基地）','女','16',1,'kfFObXfW'),('1607400083','苏州大学','磨子石','数学科学学院','数学与应用数学（基地）','女','16',1,'gD8y2LQ6'),('1607400084','苏州大学','滕光赫','数学科学学院','数学与应用数学（基地）','女','16',1,'JisQueDZ'),('1607400085','苏州大学','冀媚','数学科学学院','数学与应用数学（基地）','女','16',1,'wcb4KvPS'),('1607400086','苏州大学','井刚捷','数学科学学院','数学与应用数学（基地）','女','16',1,'eHHWssS1'),('1607400087','苏州大学','潮图','数学科学学院','数学与应用数学（基地）','女','16',1,'P0Hpb5bE'),('1607400088','苏州大学','多正信','数学科学学院','数学与应用数学（基地）','女','16',1,'OifK3WZa'),('1607400089','苏州大学','聊暎','数学科学学院','数学与应用数学（基地）','女','16',1,'4oNJFT9b'),('1607400090','苏州大学','说妞妞','数学科学学院','数学与应用数学（基地）','女','16',1,'DKJVGZfJ'),('1607400091','苏州大学','房迎彤','数学科学学院','数学与应用数学（基地）','女','16',1,'RL0BrSvf'),('1607400092','苏州大学','悉如之','数学科学学院','数学与应用数学（基地）','女','16',1,'MJe2WAuY'),('1607400093','苏州大学','止奥维','数学科学学院','数学与应用数学（基地）','女','16',1,'jQG3VsGB'),('1607400094','苏州大学','蔺惜蕊','数学科学学院','数学与应用数学（基地）','女','16',1,'uaqJO2WY'),('1607400095','苏州大学','宇文旭东','数学科学学院','数学与应用数学（基地）','女','16',1,'86SWVX7j'),('1607400096','苏州大学','都庸','数学科学学院','数学与应用数学（基地）','女','16',1,'aQxGDezp'),('1607400097','苏州大学','硕和通','数学科学学院','数学与应用数学（基地）','女','16',1,'Kc3YovEZ'),('1607400098','苏州大学','邗红','数学科学学院','数学与应用数学（基地）','女','16',1,'d9VUqn62'),('1607400099','苏州大学','浮雅惠','数学科学学院','数学与应用数学（基地）','女','16',1,'UiOv35qN'),('1607400100','苏州大学','蚁霞英','数学科学学院','数学与应用数学（基地）','女','16',1,'7hfjmhTQ'),('1607400101','苏州大学','保幼珊','数学科学学院','信息与计算科学','女','16',1,'ZYaypp4D'),('1607400102','苏州大学','长紫易','数学科学学院','信息与计算科学','女','16',1,'oCb59dwt'),('1607400103','苏州大学','公西向雁','数学科学学院','信息与计算科学','女','16',1,'ppTxnl79'),('1607400104','苏州大学','佟佳雅美','数学科学学院','信息与计算科学','女','16',1,'OfIGaWG5'),('1607400105','苏州大学','军鸿晖','数学科学学院','信息与计算科学','女','16',1,'AllGNJOg'),('1607400106','苏州大学','汤颀秀','数学科学学院','信息与计算科学','女','16',1,'BnIoV9FS'),('1607400107','苏州大学','扶杰','数学科学学院','信息与计算科学','女','16',1,'KCzjrjXy'),('1607400108','苏州大学','骑笑容','数学科学学院','信息与计算科学','女','16',1,'5QLWUCSw'),('1607400109','苏州大学','微生星河','数学科学学院','信息与计算科学','女','16',1,'tErr742k'),('1607400110','苏州大学','濮昆谊','数学科学学院','信息与计算科学','女','16',1,'RvxFnpi2'),('1607400111','苏州大学','焦宏胜','数学科学学院','信息与计算科学','女','16',1,'ofIP0128'),('1607400112','苏州大学','逄博超','数学科学学院','信息与计算科学','女','16',1,'D2kTIxtn'),('1607400113','苏州大学','兴凡白','数学科学学院','信息与计算科学','女','16',1,'6bU6uZjJ'),('1607400114','苏州大学','蓝清婉','数学科学学院','信息与计算科学','女','16',1,'s6AEaBqE'),('1607400115','苏州大学','郏暖梦','数学科学学院','信息与计算科学','女','16',1,'5HuZYnsj'),('1607400116','苏州大学','驹乐意','数学科学学院','信息与计算科学','女','16',1,'K32NhQGE'),('1607400117','苏州大学','慕辉','数学科学学院','信息与计算科学','女','16',1,'jwtqpwaB'),('1607400118','苏州大学','竹俊能','数学科学学院','信息与计算科学','女','16',1,'cVRku28D'),('1607400119','苏州大学','念冰香','数学科学学院','信息与计算科学','女','16',1,'Hzzm6Z35'),('1607400120','苏州大学','刘凌','数学科学学院','信息与计算科学','女','16',1,'hsklu92z'),('1607400121','苏州大学','廉令婧','数学科学学院','信息与计算科学','女','16',1,'dznhFd4G'),('1607400122','苏州大学','环涵瑶','数学科学学院','信息与计算科学','女','16',1,'mlefYMVh'),('1607400123','苏州大学','赫迎丝','数学科学学院','信息与计算科学','女','16',1,'q4NHagEx'),('1607400124','苏州大学','库瑞','数学科学学院','信息与计算科学','女','16',1,'KMegBtRI'),('1607400125','苏州大学','位真洁','数学科学学院','信息与计算科学','女','16',1,'MGXmFigG'),('1607400126','苏州大学','尉迟弘益','数学科学学院','信息与计算科学','女','16',1,'l2osAxLg'),('1607400127','苏州大学','颛孙春柔','数学科学学院','信息与计算科学','女','16',1,'uht4et5Z'),('1607400128','苏州大学','法尚','数学科学学院','信息与计算科学','女','16',1,'CrdzcepE'),('1607400129','苏州大学','关浩气','数学科学学院','信息与计算科学','女','16',1,'988rfzmd'),('1607400130','苏州大学','福冬梅','数学科学学院','信息与计算科学','女','16',1,'nVBDVNgR'),('1607400131','苏州大学','敬莉','数学科学学院','信息与计算科学','女','16',1,'FXW1UF2x'),('1607400132','苏州大学','那咏歌','数学科学学院','信息与计算科学','女','16',1,'sw6PDtBi'),('1607400133','苏州大学','佼盼香','数学科学学院','信息与计算科学','女','16',1,'EwHx5Hix'),('1607400134','苏州大学','翦安澜','数学科学学院','信息与计算科学','女','16',1,'q4g54QwU'),('1607400135','苏州大学','业安宜','数学科学学院','信息与计算科学','女','16',1,'3mDmcfe1'),('1607400136','苏州大学','萧云水','数学科学学院','信息与计算科学','女','16',1,'DcD8m8Uq'),('1607400137','苏州大学','令狐琬凝','数学科学学院','信息与计算科学','女','16',1,'8eRQFJVb'),('1607400138','苏州大学','由宁','数学科学学院','信息与计算科学','女','16',1,'1PlmSEqR'),('1607400139','苏州大学','斋飞烟','数学科学学院','信息与计算科学','女','16',1,'umHFVRdA'),('1607400140','苏州大学','林高明','数学科学学院','信息与计算科学','女','16',1,'dqf7EUQP'),('1607400141','苏州大学','从鸿文','数学科学学院','信息与计算科学','女','16',1,'N6THlNqc'),('1607400142','苏州大学','白元龙','数学科学学院','信息与计算科学','女','16',1,'JZni724H'),('1607400143','苏州大学','查月朗','数学科学学院','信息与计算科学','女','16',1,'IpkXa6RP'),('1607400144','苏州大学','锐梦寒','数学科学学院','信息与计算科学','女','16',1,'2ZHsoYC7'),('1607400145','苏州大学','才碧螺','数学科学学院','信息与计算科学','女','16',1,'njIS2tgj'),('1607400146','苏州大学','鹿运莱','数学科学学院','信息与计算科学','女','16',1,'T9tvWIRo'),('1607400147','苏州大学','睦修伟','数学科学学院','信息与计算科学','女','16',1,'miCi4ruJ'),('1607400148','苏州大学','虢琦','数学科学学院','信息与计算科学','女','16',1,'RF1rBVKr'),('1607400149','苏州大学','诸葛雅柔','数学科学学院','信息与计算科学','女','16',1,'x1RgP6ZZ'),('1607400150','苏州大学','厉朗','数学科学学院','信息与计算科学','女','16',1,'Uuce5k5m'),('1607400151','苏州大学','代驰雪','数学科学学院','信息与计算科学','男','16',1,'2F4VzPnh'),('1607400152','苏州大学','仰飞莲','数学科学学院','信息与计算科学','男','16',1,'xM6ROw4g'),('1607400153','苏州大学','邛映冬','数学科学学院','信息与计算科学','男','16',1,'UFQEZaCH'),('1607400154','苏州大学','姓白亦','数学科学学院','信息与计算科学','男','16',1,'qQKaXtYv'),('1607400155','苏州大学','蓟珠佩','数学科学学院','信息与计算科学','男','16',1,'959vDysu'),('1607400156','苏州大学','纵怜珊','数学科学学院','信息与计算科学','男','16',1,'1je23PEX'),('1607400157','苏州大学','信梓彤','数学科学学院','信息与计算科学','男','16',1,'cxpIRlbE'),('1607400158','苏州大学','苦纳兰','数学科学学院','信息与计算科学','男','16',1,'OXbIOIBW'),('1607400159','苏州大学','肇嫣然','数学科学学院','信息与计算科学','男','16',1,'IMgLTId8'),('1607400160','苏州大学','祈龙','数学科学学院','信息与计算科学','男','16',1,'TDSPp5Zu'),('1607400161','苏州大学','沃怀梦','数学科学学院','信息与计算科学','男','16',1,'A3dsbFvI'),('1607400162','苏州大学','南梅青','数学科学学院','信息与计算科学','男','16',1,'tSrnhtZT'),('1607400163','苏州大学','运炎彬','数学科学学院','信息与计算科学','男','16',1,'VhBtiZdp'),('1607400164','苏州大学','张廖启颜','数学科学学院','信息与计算科学','男','16',1,'GT668WNz'),('1607400165','苏州大学','茂建柏','数学科学学院','信息与计算科学','男','16',1,'wcqMVJPx'),('1607400166','苏州大学','俟痴柏','数学科学学院','信息与计算科学','男','16',1,'s8k1FKTZ'),('1607400167','苏州大学','枚星晖','数学科学学院','信息与计算科学','男','16',1,'If89OXQx'),('1607400168','苏州大学','盈迎梅','数学科学学院','信息与计算科学','男','16',1,'65zSIrK0'),('1607400169','苏州大学','释慧英','数学科学学院','信息与计算科学','男','16',1,'qicfnmor'),('1607400170','苏州大学','稽冰蓝','数学科学学院','信息与计算科学','男','16',1,'fvfx3d2d'),('1607400171','苏州大学','茆涵蕾','数学科学学院','信息与计算科学','男','16',1,'Vu80DnvV'),('1607400172','苏州大学','琴伟博','数学科学学院','信息与计算科学','男','16',1,'DGNApu2w'),('1607400173','苏州大学','褚嫔','数学科学学院','信息与计算科学','男','16',1,'iMHe22Zm'),('1607400174','苏州大学','犁勇捷','数学科学学院','信息与计算科学','男','16',1,'ysKI69a8'),('1607400175','苏州大学','阙飞兰','数学科学学院','信息与计算科学','男','16',1,'Yy43dilm'),('1607400176','苏州大学','戏天媛','数学科学学院','信息与计算科学','男','16',1,'pwkkbjvN'),('1607400177','苏州大学','贝元甲','数学科学学院','信息与计算科学','男','16',1,'rhf4Hxzp'),('1607400178','苏州大学','那拉望','数学科学学院','信息与计算科学','男','16',1,'7MLYQHdZ'),('1607400179','苏州大学','栗向明','数学科学学院','信息与计算科学','男','16',1,'eIkiCQhr'),('1607400180','苏州大学','介邃','数学科学学院','信息与计算科学','男','16',1,'ZSrPYxwb'),('1607400181','苏州大学','呼凌寒','数学科学学院','信息与计算科学','男','16',1,'0tAMadJA'),('1607400182','苏州大学','冯雪枫','数学科学学院','信息与计算科学','男','16',1,'CyAAXwF8'),('1607400183','苏州大学','沙佳悦','数学科学学院','信息与计算科学','男','16',1,'0gnLVqLW'),('1607400184','苏州大学','储望雅','数学科学学院','信息与计算科学','男','16',1,'hBI5mBqf'),('1607400185','苏州大学','祢绍钧','数学科学学院','信息与计算科学','男','16',1,'LGaGoSs1'),('1607400186','苏州大学','潘国源','数学科学学院','信息与计算科学','男','16',1,'HG3qHbRj'),('1607400187','苏州大学','胥灵凡','数学科学学院','信息与计算科学','男','16',1,'8KTeFfQn'),('1607400188','苏州大学','潭春蕾','数学科学学院','信息与计算科学','男','16',1,'GP7wmsvF'),('1607400189','苏州大学','相山灵','数学科学学院','信息与计算科学','男','16',1,'PfzDeC3O'),('1607400190','苏州大学','亓千秋','数学科学学院','信息与计算科学','男','16',1,'hAhNJ5Zf'),('1607400191','苏州大学','鲍梦兰','数学科学学院','信息与计算科学','男','16',1,'yoAs8U1p'),('1607400192','苏州大学','功寄云','数学科学学院','信息与计算科学','男','16',1,'pwaYfzGG'),('1607400193','苏州大学','张简嘉歆','数学科学学院','信息与计算科学','男','16',1,'uPrQwZVV'),('1607400194','苏州大学','貊华茂','数学科学学院','信息与计算科学','男','16',1,'JzowExBH'),('1607400195','苏州大学','性德佑','数学科学学院','信息与计算科学','男','16',1,'WVwTyJVy'),('1607400196','苏州大学','哀翠曼','数学科学学院','信息与计算科学','男','16',1,'98DOssNb'),('1607400197','苏州大学','合霏霏','数学科学学院','信息与计算科学','男','16',1,'xd1yYCT0'),('1607400198','苏州大学','昌广','数学科学学院','信息与计算科学','男','16',1,'aMqU7Ykv'),('1607400199','苏州大学','诺怀绿','数学科学学院','信息与计算科学','男','16',1,'hu0ErvYo'),('1607400200','苏州大学','问理群','数学科学学院','信息与计算科学','男','16',1,'C6BfGTf9'),('1607400201','苏州大学','宿语蝶','数学科学学院','数学与应用数学（师范）','男','16',1,'3g4bOhCp'),('1607400202','苏州大学','吉娟','数学科学学院','数学与应用数学（师范）','男','16',1,'ySqIPthU'),('1607400203','苏州大学','裔代桃','数学科学学院','数学与应用数学（师范）','男','16',1,'dAjvyIg2'),('1607400204','苏州大学','士思若','数学科学学院','数学与应用数学（师范）','男','16',1,'Ls8voMLc'),('1607400205','苏州大学','衣庆','数学科学学院','数学与应用数学（师范）','男','16',1,'knsWC43f'),('1607400206','苏州大学','段盼易','数学科学学院','数学与应用数学（师范）','男','16',1,'puh1BOBS'),('1607400207','苏州大学','楚凝丹','数学科学学院','数学与应用数学（师范）','男','16',1,'WzwSdhh4'),('1607400208','苏州大学','狄白云','数学科学学院','数学与应用数学（师范）','男','16',1,'PGEMWyy8'),('1607400209','苏州大学','斛诗蕾','数学科学学院','数学与应用数学（师范）','男','16',1,'gGf4lydS'),('1607400210','苏州大学','机卫','数学科学学院','数学与应用数学（师范）','男','16',1,'j0pOyOti'),('1607400211','苏州大学','野忆灵','数学科学学院','数学与应用数学（师范）','男','16',1,'EUCUxwPR'),('1607400212','苏州大学','干元化','数学科学学院','数学与应用数学（师范）','男','16',1,'k0NEdjUi'),('1607400213','苏州大学','天韫玉','数学科学学院','数学与应用数学（师范）','男','16',1,'wf8SXUKL'),('1607400214','苏州大学','翟睿文','数学科学学院','数学与应用数学（师范）','男','16',1,'FP8vqkAn'),('1607400215','苏州大学','绍以南','数学科学学院','数学与应用数学（师范）','男','16',1,'8FrpUIUI'),('1607400216','苏州大学','夹谷寄','数学科学学院','数学与应用数学（师范）','男','16',1,'cyYDQwOQ'),('1607400217','苏州大学','线兴平','数学科学学院','数学与应用数学（师范）','男','16',1,'b2aJYMQN'),('1607400218','苏州大学','宜宏茂','数学科学学院','数学与应用数学（师范）','男','16',1,'7G8X4l0U'),('1607400219','苏州大学','摩云天','数学科学学院','数学与应用数学（师范）','男','16',1,'fexrirIl'),('1607400220','苏州大学','忻又晴','数学科学学院','数学与应用数学（师范）','男','16',1,'jKTcTc8n'),('1607400221','苏州大学','杨秀颖','数学科学学院','数学与应用数学（师范）','男','16',1,'EnLgEGsf'),('1607400222','苏州大学','李梅英','数学科学学院','数学与应用数学（师范）','男','16',1,'2gcGZXkG'),('1607400223','苏州大学','双恨之','数学科学学院','数学与应用数学（师范）','男','16',1,'4X4TaPbn'),('1607400224','苏州大学','武曼文','数学科学学院','数学与应用数学（师范）','男','16',1,'UMGRukMV'),('1607400225','苏州大学','臧涵易','数学科学学院','数学与应用数学（师范）','男','16',1,'dfOrP3na'),('1607400226','苏州大学','大觅翠','数学科学学院','数学与应用数学（师范）','男','16',1,'EEkukVVu'),('1607400227','苏州大学','势青雪','数学科学学院','数学与应用数学（师范）','男','16',1,'13xTo0Lv'),('1607400228','苏州大学','市元柳','数学科学学院','数学与应用数学（师范）','男','16',1,'j7r5E0Cl'),('1607400229','苏州大学','玄雪卉','数学科学学院','数学与应用数学（师范）','男','16',1,'CjKE0G3O'),('1607400230','苏州大学','续听双','数学科学学院','数学与应用数学（师范）','男','16',1,'nKbtdJ09'),('1607400231','苏州大学','莱运晟','数学科学学院','数学与应用数学（师范）','男','16',1,'UDYBu1N7'),('1607400232','苏州大学','姜雪帆','数学科学学院','数学与应用数学（师范）','男','16',1,'QTmlc1z6'),('1607400233','苏州大学','温翠绿','数学科学学院','数学与应用数学（师范）','男','16',1,'7nLKQwiV'),('1607400234','苏州大学','益沛容','数学科学学院','数学与应用数学（师范）','男','16',1,'r1C0Hr2x'),('1607400235','苏州大学','前灵寒','数学科学学院','数学与应用数学（师范）','男','16',1,'YFTtvex4'),('1607400236','苏州大学','区珹','数学科学学院','数学与应用数学（师范）','男','16',1,'kTuPM6Oq'),('1607400237','苏州大学','太史禄','数学科学学院','数学与应用数学（师范）','男','16',1,'yf35Hqwv'),('1607400238','苏州大学','和修贤','数学科学学院','数学与应用数学（师范）','男','16',1,'S5TULBPl'),('1607400239','苏州大学','籍山槐','数学科学学院','数学与应用数学（师范）','男','16',1,'8Y0dOI8J'),('1607400240','苏州大学','长孙慕梅','数学科学学院','数学与应用数学（师范）','男','16',1,'2zdisEsl'),('1607400241','苏州大学','游恩霈','数学科学学院','数学与应用数学（师范）','男','16',1,'O6SiSHpl'),('1607400242','苏州大学','犹小萍','数学科学学院','数学与应用数学（师范）','男','16',1,'iEiR9yR3'),('1607400243','苏州大学','锺乐章','数学科学学院','数学与应用数学（师范）','男','16',1,'nEuLFwga'),('1607400244','苏州大学','霜英华','数学科学学院','数学与应用数学（师范）','男','16',1,'uQ62dM4D'),('1607400245','苏州大学','伍天和','数学科学学院','数学与应用数学（师范）','男','16',1,'A2lkfgr9'),('1607400246','苏州大学','毋翱','数学科学学院','数学与应用数学（师范）','男','16',1,'5OWxVinQ'),('1607400247','苏州大学','简念云','数学科学学院','数学与应用数学（师范）','男','16',1,'sNTe4qME'),('1607400248','苏州大学','光锐达','数学科学学院','数学与应用数学（师范）','男','16',1,'IeznDLGR'),('1607400249','苏州大学','姚凡儿','数学科学学院','数学与应用数学（师范）','男','16',1,'HO365vrI'),('1607400250','苏州大学','完颜湛静','数学科学学院','数学与应用数学（师范）','男','16',1,'sZKbpSlq'),('1607400251','苏州大学','己悦心','数学科学学院','数学与应用数学（师范）','女','16',1,'JzpfxzcT'),('1607400252','苏州大学','邶运洁','数学科学学院','数学与应用数学（师范）','女','16',1,'bL9QiLPS'),('1607400253','苏州大学','左丘力行','数学科学学院','数学与应用数学（师范）','女','16',1,'e67eAvs9'),('1607400254','苏州大学','宁妍','数学科学学院','数学与应用数学（师范）','女','16',1,'Nj5I5jne'),('1607400255','苏州大学','么易','数学科学学院','数学与应用数学（师范）','女','16',1,'SZNjg8Qc'),('1607400256','苏州大学','恭方方','数学科学学院','数学与应用数学（师范）','女','16',1,'ZjSznPKd'),('1607400257','苏州大学','符婷然','数学科学学院','数学与应用数学（师范）','女','16',1,'w75BQEXj'),('1607400258','苏州大学','柔骊文','数学科学学院','数学与应用数学（师范）','女','16',1,'aUcf10sW'),('1607400259','苏州大学','鲜于冰','数学科学学院','数学与应用数学（师范）','女','16',1,'beh3xzbp'),('1607400260','苏州大学','过又槐','数学科学学院','数学与应用数学（师范）','女','16',1,'2qHPRFyV'),('1607400261','苏州大学','夏从雪','数学科学学院','数学与应用数学（师范）','女','16',1,'XYj9Ykvj'),('1607400262','苏州大学','中夏兰','数学科学学院','数学与应用数学（师范）','女','16',1,'M1ZclBLh'),('1607400263','苏州大学','郸臻','数学科学学院','数学与应用数学（师范）','女','16',1,'rN65mKTs'),('1607400264','苏州大学','缑雯','数学科学学院','数学与应用数学（师范）','女','16',1,'E3AkSARx'),('1607400265','苏州大学','操华灿','数学科学学院','数学与应用数学（师范）','女','16',1,'zwXIVEvP'),('1607400266','苏州大学','亥芝英','数学科学学院','数学与应用数学（师范）','女','16',1,'1N7eL7AW'),('1607400267','苏州大学','频幼白','数学科学学院','数学与应用数学（师范）','女','16',1,'HZ9aIJkj'),('1607400268','苏州大学','卿心怡','数学科学学院','数学与应用数学（师范）','女','16',1,'CunJcNqo'),('1607400269','苏州大学','弓雯君','数学科学学院','数学与应用数学（师范）','女','16',1,'z6PC5uwA'),('1607400270','苏州大学','秋伶俐','数学科学学院','数学与应用数学（师范）','女','16',1,'ZDPZvzKD'),('1607400271','苏州大学','欧阳琼怡','数学科学学院','数学与应用数学（师范）','女','16',1,'38VYbyK0'),('1607400272','苏州大学','波痴灵','数学科学学院','数学与应用数学（师范）','女','16',1,'hsTEbciV'),('1607400273','苏州大学','詹梦菡','数学科学学院','数学与应用数学（师范）','女','16',1,'VVz7Hb5x'),('1607400274','苏州大学','辉浓','数学科学学院','数学与应用数学（师范）','女','16',1,'qTdnpuux'),('1607400275','苏州大学','闾安民','数学科学学院','数学与应用数学（师范）','女','16',1,'nzHNR2qo'),('1607400276','苏州大学','速凝莲','数学科学学院','数学与应用数学（师范）','女','16',1,'Rh4pksSL'),('1607400277','苏州大学','罕学','数学科学学院','数学与应用数学（师范）','女','16',1,'m8KGJYY1'),('1607400278','苏州大学','乙冷萱','数学科学学院','数学与应用数学（师范）','女','16',1,'nxsumDPq'),('1607400279','苏州大学','仇静珊','数学科学学院','数学与应用数学（师范）','女','16',1,'1vHaSjHC'),('1607400280','苏州大学','支流如','数学科学学院','数学与应用数学（师范）','女','16',1,'xQJeeg18'),('1607400281','苏州大学','杜水风','数学科学学院','数学与应用数学（师范）','女','16',1,'EMplQh2f'),('1607400282','苏州大学','律允晨','数学科学学院','数学与应用数学（师范）','女','16',1,'VRzprUGb'),('1607400283','苏州大学','税子瑜','数学科学学院','数学与应用数学（师范）','女','16',1,'NNixG5pl'),('1607400284','苏州大学','漆洋然','数学科学学院','数学与应用数学（师范）','女','16',1,'HBvUB4aN'),('1607400285','苏州大学','凌凌春','数学科学学院','数学与应用数学（师范）','女','16',1,'ocy0pccH'),('1607400286','苏州大学','贡妮子','数学科学学院','数学与应用数学（师范）','女','16',1,'1VlmdaD3'),('1607400287','苏州大学','养痴海','数学科学学院','数学与应用数学（师范）','女','16',1,'oMg1PHW9'),('1607400288','苏州大学','撒兰英','数学科学学院','数学与应用数学（师范）','女','16',1,'gh4tKERW'),('1607400289','苏州大学','钱湃','数学科学学院','数学与应用数学（师范）','女','16',1,'1mLOeuXp'),('1607400290','苏州大学','改怿','数学科学学院','数学与应用数学（师范）','女','16',1,'rtWoTycE'),('1607400291','苏州大学','赛尔琴','数学科学学院','数学与应用数学（师范）','女','16',1,'0ID4Cpf6'),('1607400292','苏州大学','滑濡霈','数学科学学院','数学与应用数学（师范）','女','16',1,'RArTSqhA'),('1607400293','苏州大学','占悠素','数学科学学院','数学与应用数学（师范）','女','16',1,'d5J8B2rc'),('1607400294','苏州大学','捷翠芙','数学科学学院','数学与应用数学（师范）','女','16',1,'vVC3355i'),('1607400295','苏州大学','解如波','数学科学学院','数学与应用数学（师范）','女','16',1,'yoQJhbXj'),('1607400296','苏州大学','丘静竹','数学科学学院','数学与应用数学（师范）','女','16',1,'L3Gw1wKb'),('1607400297','苏州大学','丰红旭','数学科学学院','数学与应用数学（师范）','女','16',1,'zoUXCLvo'),('1607400298','苏州大学','归香梅','数学科学学院','数学与应用数学（师范）','女','16',1,'cn1tXxes'),('1607400299','苏州大学','孙丹亦','数学科学学院','数学与应用数学（师范）','女','16',1,'XdyPeHPq'),('1607400300','苏州大学','师清淑','数学科学学院','数学与应用数学（师范）','女','16',1,'tcX2yI9O'),('1607400301','苏州大学','定乐松','数学科学学院','统计学','男','16',1,'T7ZxGRox'),('1607400302','苏州大学','谏如风','数学科学学院','统计学','男','16',1,'lDZi4BFy'),('1607400303','苏州大学','空芳苓','数学科学学院','统计学','男','16',1,'zqHjJzWq'),('1607400304','苏州大学','寻念','数学科学学院','统计学','男','16',1,'AU0tM2Zt'),('1607400305','苏州大学','梁丘闵雨','数学科学学院','统计学','男','16',1,'xm6V7Ntm'),('1607400306','苏州大学','庄锦凡','数学科学学院','统计学','男','16',1,'GLLmVkOd'),('1607400307','苏州大学','易鸿达','数学科学学院','统计学','男','16',1,'KfdJCVS1'),('1607400308','苏州大学','闪睿好','数学科学学院','统计学','男','16',1,'SLTc2O2o'),('1607400309','苏州大学','邹高远','数学科学学院','统计学','男','16',1,'2SOFkF5L'),('1607400310','苏州大学','宇智纯','数学科学学院','统计学','男','16',1,'vMsjyBSm'),('1607400311','苏州大学','豆洁玉','数学科学学院','统计学','男','16',1,'EmXFtSRn'),('1607400312','苏州大学','梅名','数学科学学院','统计学','男','16',1,'PXuJmbnf'),('1607400313','苏州大学','雷牧','数学科学学院','统计学','男','16',1,'xdtoUj2Z'),('1607400314','苏州大学','铎玉龙','数学科学学院','统计学','男','16',1,'7Jc35Aq6'),('1607400315','苏州大学','千平松','数学科学学院','统计学','男','16',1,'9lMUmHAq'),('1607400316','苏州大学','旷艳蕙','数学科学学院','统计学','男','16',1,'DRqqt5EI'),('1607400317','苏州大学','府季萌','数学科学学院','统计学','男','16',1,'fIuYnW5r'),('1607400318','苏州大学','司寇依童','数学科学学院','统计学','男','16',1,'55rW3nTR'),('1607400319','苏州大学','却琬琰','数学科学学院','统计学','男','16',1,'hFTZmNx3'),('1607400320','苏州大学','粟香巧','数学科学学院','统计学','男','16',1,'4zywRlzC'),('1607400321','苏州大学','厚丹云','数学科学学院','统计学','男','16',1,'aLGc5YLv'),('1607400322','苏州大学','展永福','数学科学学院','统计学','男','16',1,'xMuz11mW'),('1607400323','苏州大学','嘉妙双','数学科学学院','统计学','男','16',1,'TWzBPpjf'),('1607400324','苏州大学','卓听筠','数学科学学院','统计学','男','16',1,'6VCzpRZ4'),('1607400325','苏州大学','万心宜','数学科学学院','统计学','男','16',1,'ZYItWV4O'),('1607400326','苏州大学','聂香萱','数学科学学院','统计学','男','16',1,'3RGE8bL5'),('1607400327','苏州大学','蛮晓君','数学科学学院','统计学','男','16',1,'7DYi75gE'),('1607400328','苏州大学','衅友桃','数学科学学院','统计学','男','16',1,'v6xM74Ww'),('1607400329','苏州大学','渠书萱','数学科学学院','统计学','男','16',1,'fgQ0ejXH'),('1607400330','苏州大学','勾华翰','数学科学学院','统计学','男','16',1,'QHsqpwds'),('1607400331','苏州大学','诗芬','数学科学学院','统计学','男','16',1,'WrqiZ5nP'),('1607400332','苏州大学','陈淳美','数学科学学院','统计学','男','16',1,'yJ2uDxWF'),('1607400333','苏州大学','檀康顺','数学科学学院','统计学','男','16',1,'9oB6BP26'),('1607400334','苏州大学','蒉永元','数学科学学院','统计学','男','16',1,'dAFHqI2l'),('1607400335','苏州大学','节天蓉','数学科学学院','统计学','男','16',1,'MHlQdfox'),('1607400336','苏州大学','汲晶滢','数学科学学院','统计学','男','16',1,'x8B9zECg'),('1607400337','苏州大学','仪家欣','数学科学学院','统计学','男','16',1,'a1eJgL2w'),('1607400338','苏州大学','偶怀薇','数学科学学院','统计学','男','16',1,'nH0CBEHu'),('1607400339','苏州大学','古英','数学科学学院','统计学','男','16',1,'wd9CvP7o'),('1607400340','苏州大学','管书萱','数学科学学院','统计学','男','16',1,'sb2ai8od'),('1607400341','苏州大学','彤依波','数学科学学院','统计学','男','16',1,'NYrQcLRo'),('1607400342','苏州大学','邸凡','数学科学学院','统计学','男','16',1,'uwGaWEvF'),('1607400343','苏州大学','百和璧','数学科学学院','统计学','男','16',1,'5uyeWQnu'),('1607400344','苏州大学','是承载','数学科学学院','统计学','男','16',1,'nNLuzfD5'),('1607400345','苏州大学','方冰安','数学科学学院','统计学','男','16',1,'BXFslkYc'),('1607400346','苏州大学','马佳秋巧','数学科学学院','统计学','男','16',1,'kkFIMeTA'),('1607400347','苏州大学','芮鹏程','数学科学学院','统计学','男','16',1,'m1glDnKD'),('1607400348','苏州大学','友昌燎','数学科学学院','统计学','男','16',1,'hmK5lzN3'),('1607400349','苏州大学','眭溪','数学科学学院','统计学','男','16',1,'dpdJg7bm'),('1607400350','苏州大学','拱娟秀','数学科学学院','统计学','男','16',1,'FszkrnmO'),('1607400351','苏州大学','剑谷蓝','数学科学学院','统计学','女','16',1,'ivVmMu6A'),('1607400352','苏州大学','战天真','数学科学学院','统计学','女','16',1,'VVIAlkSF'),('1607400353','苏州大学','竺沛若','数学科学学院','统计学','女','16',1,'2Ify7G68'),('1607400354','苏州大学','侯尔容','数学科学学院','统计学','女','16',1,'zqIayb1r'),('1607400355','苏州大学','乐正依白','数学科学学院','统计学','女','16',1,'f62WF0nY'),('1607400356','苏州大学','郭彤云','数学科学学院','统计学','女','16',1,'3QbqpdkN'),('1607400357','苏州大学','束从凝','数学科学学院','统计学','女','16',1,'rtpz6YJ8'),('1607400358','苏州大学','绳凝丹','数学科学学院','统计学','女','16',1,'KVYDHXOJ'),('1607400359','苏州大学','碧俊捷','数学科学学院','统计学','女','16',1,'iwBW6bFA'),('1607400360','苏州大学','宝初蓝','数学科学学院','统计学','女','16',1,'CwnMq1cy'),('1607400361','苏州大学','泷沛蓝','数学科学学院','统计学','女','16',1,'vIJZp29M'),('1607400362','苏州大学','花醉易','数学科学学院','统计学','女','16',1,'GqWAOJUm'),('1607400363','苏州大学','巧平彤','数学科学学院','统计学','女','16',1,'P43N4Z9N'),('1607400364','苏州大学','世莹洁','数学科学学院','统计学','女','16',1,'7ENCiESD'),('1607400365','苏州大学','藩俊材','数学科学学院','统计学','女','16',1,'tRO2Vvt9'),('1607400366','苏州大学','苗雁荷','数学科学学院','统计学','女','16',1,'ux4mUqQd'),('1607400367','苏州大学','真涵菡','数学科学学院','统计学','女','16',1,'ilhRv8wI'),('1607400368','苏州大学','隆莱','数学科学学院','统计学','女','16',1,'xoHpr2r7'),('1607400369','苏州大学','申鸿畅','数学科学学院','统计学','女','16',1,'6BhR5zQg'),('1607400370','苏州大学','段干皓君','数学科学学院','统计学','女','16',1,'GmI61H3L'),('1607400371','苏州大学','卷晓','数学科学学院','统计学','女','16',1,'YQfsXQgA'),('1607400372','苏州大学','俎阳文','数学科学学院','统计学','女','16',1,'vjM6diMt'),('1607400373','苏州大学','柴馨逸','数学科学学院','统计学','女','16',1,'Bj0LYJ6D'),('1607400374','苏州大学','竭文彦','数学科学学院','统计学','女','16',1,'6l66nPpY'),('1607400375','苏州大学','饶曼丽','数学科学学院','统计学','女','16',1,'4IcefrN0'),('1607400376','苏州大学','逯运诚','数学科学学院','统计学','女','16',1,'Qc2ZXYTx'),('1607400377','苏州大学','歧秋芳','数学科学学院','统计学','女','16',1,'8LkhRZz4'),('1607400378','苏州大学','后丝柳','数学科学学院','统计学','女','16',1,'OMLttlnz'),('1607400379','苏州大学','哈甫','数学科学学院','统计学','女','16',1,'silPU0Gr'),('1607400380','苏州大学','咸捷','数学科学学院','统计学','女','16',1,'JuhaSdYQ'),('1607400381','苏州大学','漫宛畅','数学科学学院','统计学','女','16',1,'OqtVSq83'),('1607400382','苏州大学','姬职','数学科学学院','统计学','女','16',1,'OvkTxwAU'),('1607400383','苏州大学','繁才艺','数学科学学院','统计学','女','16',1,'K7FcFCqK'),('1607400384','苏州大学','出慕卉','数学科学学院','统计学','女','16',1,'h3VoWq0Z'),('1607400385','苏州大学','车盼香','数学科学学院','统计学','女','16',1,'B29tq2hp'),('1607400386','苏州大学','钟离曜坤','数学科学学院','统计学','女','16',1,'A02sN9SZ'),('1607400387','苏州大学','紫香梅','数学科学学院','统计学','女','16',1,'pL4FeV6v'),('1607400388','苏州大学','冠吟','数学科学学院','统计学','女','16',1,'iCYhv0Iu'),('1607400389','苏州大学','澹台朋','数学科学学院','统计学','女','16',1,'4TUiCjvW'),('1607400390','苏州大学','风伟毅','数学科学学院','统计学','女','16',1,'XFMMlP6a'),('1607400391','苏州大学','休乐芸','数学科学学院','统计学','女','16',1,'WstmDtOO'),('1607400392','苏州大学','学存','数学科学学院','统计学','女','16',1,'YaneGfrl'),('1607400393','苏州大学','董萱彤','数学科学学院','统计学','女','16',1,'coamPUTL'),('1607400394','苏州大学','卑筠','数学科学学院','统计学','女','16',1,'SzF7oZMb'),('1607400395','苏州大学','郑元良','数学科学学院','统计学','女','16',1,'ZuaxIS0C'),('1607400396','苏州大学','宛田田','数学科学学院','统计学','女','16',1,'q7molMM2'),('1607400397','苏州大学','傅笑柳','数学科学学院','统计学','女','16',1,'ycBIack9'),('1607400398','苏州大学','青凌兰','数学科学学院','统计学','女','16',1,'8ADBwWvc'),('1607400399','苏州大学','仝天薇','数学科学学院','统计学','女','16',1,'po4vK8b4'),('1607400400','苏州大学','析骞魁','数学科学学院','统计学','女','16',1,'qACZult0'),('1607400401','苏州大学','成水儿','数学科学学院','金融数学','男','16',1,'emHWw2B8'),('1607400402','苏州大学','海玉泽','数学科学学院','金融数学','男','16',1,'4DxgxDo0'),('1607400403','苏州大学','以沛凝','数学科学学院','金融数学','男','16',1,'usDjzzIB'),('1607400404','苏州大学','单于令秋','数学科学学院','金融数学','男','16',1,'z5ZYsYCt'),('1607400405','苏州大学','可梦丝','数学科学学院','金融数学','男','16',1,'mFqd4UbP'),('1607400406','苏州大学','茹瑜','数学科学学院','金融数学','男','16',1,'yhfdcgEr'),('1607400407','苏州大学','隋向真','数学科学学院','金融数学','男','16',1,'MuIZoJy5'),('1607400408','苏州大学','崇简','数学科学学院','金融数学','男','16',1,'vDqdN8L9'),('1607400409','苏州大学','晏清悦','数学科学学院','金融数学','男','16',1,'9rPFWIss'),('1607400410','苏州大学','妫冬易','数学科学学院','金融数学','男','16',1,'KukRm7dI'),('1607400411','苏州大学','暴玲玲','数学科学学院','金融数学','男','16',1,'UFHqgJRY'),('1607400412','苏州大学','行承福','数学科学学院','金融数学','男','16',1,'E9oc4Yaz'),('1607400413','苏州大学','艾孤阳','数学科学学院','金融数学','男','16',1,'QAKXn3EO'),('1607400414','苏州大学','卜宣','数学科学学院','金融数学','男','16',1,'qrTsGbiM'),('1607400415','苏州大学','宏昌黎','数学科学学院','金融数学','男','16',1,'PDFwGibn'),('1607400416','苏州大学','范姜沉','数学科学学院','金融数学','男','16',1,'STZgPsjn'),('1607400417','苏州大学','似令','数学科学学院','金融数学','男','16',1,'yDwhEZM9'),('1607400418','苏州大学','星华池','数学科学学院','金融数学','男','16',1,'KuZJk3qF'),('1607400419','苏州大学','朴平晓','数学科学学院','金融数学','男','16',1,'1ASJY2BR'),('1607400420','苏州大学','罗以丹','数学科学学院','金融数学','男','16',1,'MRA3ZOOB'),('1607400421','苏州大学','申屠雅艳','数学科学学院','金融数学','男','16',1,'l4Yw2Gqc'),('1607400422','苏州大学','龙雅萍','数学科学学院','金融数学','男','16',1,'GWUOq4DC'),('1607400423','苏州大学','绪慧月','数学科学学院','金融数学','男','16',1,'1uEzknNU'),('1607400424','苏州大学','牧煜祺','数学科学学院','金融数学','男','16',1,'wvwEAgf4'),('1607400425','苏州大学','谌量','数学科学学院','金融数学','男','16',1,'bmmirE0M'),('1607400426','苏州大学','郁霞文','数学科学学院','金融数学','男','16',1,'eGWvi6Xy'),('1607400427','苏州大学','牢夏波','数学科学学院','金融数学','男','16',1,'RLDeFCga'),('1607400428','苏州大学','谷梁白夏','数学科学学院','金融数学','男','16',1,'qDxVFJto'),('1607400429','苏州大学','周盼秋','数学科学学院','金融数学','男','16',1,'hksgHZGc'),('1607400430','苏州大学','虎欣可','数学科学学院','金融数学','男','16',1,'LMVHJIXp'),('1607400431','苏州大学','齐澎湃','数学科学学院','金融数学','男','16',1,'IhAQ46Tz'),('1607400432','苏州大学','冉羡丽','数学科学学院','金融数学','男','16',1,'fVgnBsAU'),('1607400433','苏州大学','恽清妍','数学科学学院','金融数学','男','16',1,'QYljDDtm'),('1607400434','苏州大学','寸宵雨','数学科学学院','金融数学','男','16',1,'mkSEzg58'),('1607400435','苏州大学','门嘉歆','数学科学学院','金融数学','男','16',1,'L2xswmcR'),('1607400436','苏州大学','瞿黛','数学科学学院','金融数学','男','16',1,'HcX7UvGX'),('1607400437','苏州大学','后玟丽','数学科学学院','金融数学','男','16',1,'HpoqxWDa'),('1607400438','苏州大学','刚冠玉','数学科学学院','金融数学','男','16',1,'AjQkLdLq'),('1607400439','苏州大学','岑央','数学科学学院','金融数学','男','16',1,'9IOR6gGY'),('1607400440','苏州大学','仁泰河','数学科学学院','金融数学','男','16',1,'FGkdMTCI'),('1607400441','苏州大学','度艺','数学科学学院','金融数学','男','16',1,'8axMj1sa'),('1607400442','苏州大学','端祯','数学科学学院','金融数学','男','16',1,'mQNZ6Tin'),('1607400443','苏州大学','公冶贤','数学科学学院','金融数学','男','16',1,'SsgGZpsn'),('1607400444','苏州大学','奉雪风','数学科学学院','金融数学','男','16',1,'GEg5xW2P'),('1607400445','苏州大学','韦燕珺','数学科学学院','金融数学','男','16',1,'HwwXw5UO'),('1607400446','苏州大学','沐和昶','数学科学学院','金融数学','男','16',1,'sBlhObx4'),('1607400447','苏州大学','凤梓菱','数学科学学院','金融数学','男','16',1,'OgFjzynw'),('1607400448','苏州大学','郜朵','数学科学学院','金融数学','男','16',1,'VQEWGCLq'),('1607400449','苏州大学','喻秀英','数学科学学院','金融数学','男','16',1,'1t9bhVAF'),('1607400450','苏州大学','班子怡','数学科学学院','金融数学','男','16',1,'8VAfemg9'),('1607400451','苏州大学','书鸿熙','数学科学学院','金融数学','女','16',1,'VBZEJFYU'),('1607400452','苏州大学','善飞烟','数学科学学院','金融数学','女','16',1,'rXUStCB8'),('1607400453','苏州大学','邓嘉谊','数学科学学院','金融数学','女','16',1,'jxxdLuA8'),('1607400454','苏州大学','孝柔煦','数学科学学院','金融数学','女','16',1,'42FuDzVP'),('1607400455','苏州大学','应彦慧','数学科学学院','金融数学','女','16',1,'YYTdLWhQ'),('1607400456','苏州大学','戎高轩','数学科学学院','金融数学','女','16',1,'oVOjl2Le'),('1607400457','苏州大学','松素昕','数学科学学院','金融数学','女','16',1,'QV204Qd9'),('1607400458','苏州大学','羊舌绮波','数学科学学院','金融数学','女','16',1,'jhkhxM61'),('1607400459','苏州大学','强家','数学科学学院','金融数学','女','16',1,'44whk5ri'),('1607400460','苏州大学','容迎天','数学科学学院','金融数学','女','16',1,'RkBSVXDH'),('1607400461','苏州大学','通玟','数学科学学院','金融数学','女','16',1,'mzPvkSMQ'),('1607400462','苏州大学','帖柔静','数学科学学院','金融数学','女','16',1,'hJm2wjuB'),('1607400463','苏州大学','森之','数学科学学院','金融数学','女','16',1,'Mby6kEz5'),('1607400464','苏州大学','蔡薄','数学科学学院','金融数学','女','16',1,'QuApKxHd'),('1607400465','苏州大学','陆强','数学科学学院','金融数学','女','16',1,'h2R7hFFv'),('1607400466','苏州大学','苌冰绿','数学科学学院','金融数学','女','16',1,'KZXWK2ST'),('1607400467','苏州大学','席沛萍','数学科学学院','金融数学','女','16',1,'eYX2a2L2'),('1607400468','苏州大学','洛漫','数学科学学院','金融数学','女','16',1,'o4tnLAoO'),('1607400469','苏州大学','范思迪','数学科学学院','金融数学','女','16',1,'L0oNKIRM'),('1607400470','苏州大学','钭乃心','数学科学学院','金融数学','女','16',1,'jLbOdYYz'),('1607400471','苏州大学','礼海超','数学科学学院','金融数学','女','16',1,'zThgDWaQ'),('1607400472','苏州大学','尹远骞','数学科学学院','金融数学','女','16',1,'weGUOZcS'),('1607400473','苏州大学','佘天曼','数学科学学院','金融数学','女','16',1,'3Bmfw1xk'),('1607400474','苏州大学','雪芳润','数学科学学院','金融数学','女','16',1,'txvE92PD'),('1607400475','苏州大学','彭意远','数学科学学院','金融数学','女','16',1,'U0oxEZEM'),('1607400476','苏州大学','叔雪枫','数学科学学院','金融数学','女','16',1,'I5z0Q3DW'),('1607400477','苏州大学','藏成周','数学科学学院','金融数学','女','16',1,'GRXEfrvg'),('1607400478','苏州大学','遇从蕾','数学科学学院','金融数学','女','16',1,'9RwBRVEQ'),('1607400479','苏州大学','堵冬灵','数学科学学院','金融数学','女','16',1,'Jed8bXCv'),('1607400480','苏州大学','廖晓彤','数学科学学院','金融数学','女','16',1,'58ZhcpuY'),('1607400481','苏州大学','庚丝雨','数学科学学院','金融数学','女','16',1,'7e38dYR1'),('1607400482','苏州大学','乌孙沙雨','数学科学学院','金融数学','女','16',1,'Ntd4wErt'),('1607400483','苏州大学','板曜','数学科学学院','金融数学','女','16',1,'gwsWG6qU'),('1607400484','苏州大学','晁芫','数学科学学院','金融数学','女','16',1,'jzRA21zX'),('1607400485','苏州大学','赖文成','数学科学学院','金融数学','女','16',1,'MSjt0NAg'),('1607400486','苏州大学','须涵润','数学科学学院','金融数学','女','16',1,'Gats3lK7'),('1607400487','苏州大学','侍觅云','数学科学学院','金融数学','女','16',1,'GJHgo6qD'),('1607400488','苏州大学','有欣可','数学科学学院','金融数学','女','16',1,'P30ScgLh'),('1607400489','苏州大学','霍浦和','数学科学学院','金融数学','女','16',1,'RXM1w6Am'),('1607400490','苏州大学','诸怀','数学科学学院','金融数学','女','16',1,'IIg5r0iQ'),('1607400491','苏州大学','阎瑾','数学科学学院','金融数学','女','16',1,'NeDgF2VO'),('1607400492','苏州大学','矫自明','数学科学学院','金融数学','女','16',1,'QK4B2cLv'),('1607400493','苏州大学','孟采波','数学科学学院','金融数学','女','16',1,'BiP9sxKn'),('1607400494','苏州大学','甘元绿','数学科学学院','金融数学','女','16',1,'saCf594q'),('1607400495','苏州大学','折枫','数学科学学院','金融数学','女','16',1,'9RJ9muAY'),('1607400496','苏州大学','令宛凝','数学科学学院','金融数学','女','16',1,'DYJ9hgCG'),('1607400497','苏州大学','告资','数学科学学院','金融数学','女','16',1,'MKVolDFk'),('1607400498','苏州大学','田馨蓉','数学科学学院','金融数学','女','16',1,'y77LPYaw'),('1607400499','苏州大学','巩兴学','数学科学学院','金融数学','女','16',1,'N8dPxy6T'),('1607400500','苏州大学','荆问薇','数学科学学院','金融数学','女','16',1,'pjGS5Aax'),('1607400501','苏州大学','亢清莹','计算机科学与技术学院','物联网','男','16',1,'2uJX5pNe'),('1607400502','苏州大学','其梓倩','计算机科学与技术学院','物联网','男','16',1,'gNkuLDmZ'),('1607400503','苏州大学','於元槐','计算机科学与技术学院','物联网','男','16',1,'ck2UT1BQ'),('1607400504','苏州大学','边俊迈','计算机科学与技术学院','物联网','男','16',1,'MuJpOEck'),('1607400505','苏州大学','愈学民','计算机科学与技术学院','物联网','男','16',1,'QE1XNunL'),('1607400506','苏州大学','郁恬静','计算机科学与技术学院','物联网','男','16',1,'bAYYw9sf'),('1607400507','苏州大学','桂琲','计算机科学与技术学院','物联网','男','16',1,'23KIcerg'),('1607400508','苏州大学','家珠','计算机科学与技术学院','物联网','男','16',1,'IGUfKOYs'),('1607400509','苏州大学','佴祺福','计算机科学与技术学院','物联网','男','16',1,'fIEMElfA'),('1607400510','苏州大学','香叶春','计算机科学与技术学院','物联网','男','16',1,'Y5lUUliN'),('1607400511','苏州大学','邢寄风','计算机科学与技术学院','物联网','男','16',1,'N482ZxYU'),('1607400512','苏州大学','柏向松','计算机科学与技术学院','物联网','男','16',1,'QaKnmyGo'),('1607400513','苏州大学','但以南','计算机科学与技术学院','物联网','男','16',1,'D8feoNiT'),('1607400514','苏州大学','纳喇瑞灵','计算机科学与技术学院','物联网','男','16',1,'V5WQUhAl'),('1607400515','苏州大学','委炫','计算机科学与技术学院','物联网','男','16',1,'ZAxbjbBK'),('1607400516','苏州大学','第莹莹','计算机科学与技术学院','物联网','男','16',1,'D4N2os7Y'),('1607400517','苏州大学','瑞绮彤','计算机科学与技术学院','物联网','男','16',1,'neM0Un1a'),('1607400518','苏州大学','殳岳','计算机科学与技术学院','物联网','男','16',1,'tQKVJyuL'),('1607400519','苏州大学','余晨旭','计算机科学与技术学院','物联网','男','16',1,'yoOtSkhW'),('1607400520','苏州大学','靖齐心','计算机科学与技术学院','物联网','男','16',1,'QtYznaY7'),('1607400521','苏州大学','俞俊晖','计算机科学与技术学院','物联网','男','16',1,'3f0q6oPc'),('1607400522','苏州大学','连彦昌','计算机科学与技术学院','物联网','男','16',1,'Yhg3imaC'),('1607400523','苏州大学','太叔海桃','计算机科学与技术学院','物联网','男','16',1,'13FcsTwd'),('1607400524','苏州大学','戚秀隽','计算机科学与技术学院','物联网','男','16',1,'13idnRn3'),('1607400525','苏州大学','崔慨','计算机科学与技术学院','物联网','男','16',1,'zFLECmir'),('1607400526','苏州大学','所南琴','计算机科学与技术学院','物联网','男','16',1,'c1yFBo62'),('1607400527','苏州大学','毕灵阳','计算机科学与技术学院','物联网','男','16',1,'W0VXhJek'),('1607400528','苏州大学','兰绮玉','计算机科学与技术学院','物联网','男','16',1,'Kn823sLy'),('1607400529','苏州大学','阳雪','计算机科学与技术学院','物联网','男','16',1,'DJRjOlzV'),('1607400530','苏州大学','不寄云','计算机科学与技术学院','物联网','男','16',1,'YB21Orrc'),('1607400531','苏州大学','曾昊天','计算机科学与技术学院','物联网','男','16',1,'5uPZGD1Z'),('1607400532','苏州大学','钊碧春','计算机科学与技术学院','物联网','男','16',1,'WE0Czj8n'),('1607400533','苏州大学','苏文昂','计算机科学与技术学院','物联网','男','16',1,'TpUfzgcq'),('1607400534','苏州大学','洪千易','计算机科学与技术学院','物联网','男','16',1,'0BWk99Hf'),('1607400535','苏州大学','葛问梅','计算机科学与技术学院','物联网','男','16',1,'PDOyYyKJ'),('1607400536','苏州大学','芒初南','计算机科学与技术学院','物联网','男','16',1,'NI3RgmAT'),('1607400537','苏州大学','慎方','计算机科学与技术学院','物联网','男','16',1,'cQduIYwY'),('1607400538','苏州大学','鞠长霞','计算机科学与技术学院','物联网','男','16',1,'PShq9wz8'),('1607400539','苏州大学','国冰双','计算机科学与技术学院','物联网','男','16',1,'6yxl1VaJ'),('1607400540','苏州大学','老静姝','计算机科学与技术学院','物联网','男','16',1,'wDofJDA7'),('1607400541','苏州大学','佟迎蕾','计算机科学与技术学院','物联网','男','16',1,'azKabK1O'),('1607400542','苏州大学','蒋彩萱','计算机科学与技术学院','物联网','男','16',1,'0JhCINDt'),('1607400543','苏州大学','官朔','计算机科学与技术学院','物联网','男','16',1,'qkWxB1oM'),('1607400544','苏州大学','寒清舒','计算机科学与技术学院','物联网','男','16',1,'MzOz9bpO'),('1607400545','苏州大学','薛玄素','计算机科学与技术学院','物联网','男','16',1,'IuUNCqrW'),('1607400546','苏州大学','希硕','计算机科学与技术学院','物联网','男','16',1,'U702ayK2'),('1607400547','苏州大学','别静云','计算机科学与技术学院','物联网','男','16',1,'PY0TYSty'),('1607400548','苏州大学','务德曜','计算机科学与技术学院','物联网','男','16',1,'7ks4G6hR'),('1607400549','苏州大学','徭寻菱','计算机科学与技术学院','物联网','男','16',1,'zsplLrq6'),('1607400550','苏州大学','掌盼兰','计算机科学与技术学院','物联网','男','16',1,'VjfTlchp'),('1607400551','苏州大学','丹婵','计算机科学与技术学院','物联网','女','16',1,'3Su8fXOH'),('1607400552','苏州大学','窦运珧','计算机科学与技术学院','物联网','女','16',1,'q3OhFSjW'),('1607400553','苏州大学','蹇天翰','计算机科学与技术学院','物联网','女','16',1,'M4ZbI5q4'),('1607400554','苏州大学','买愉','计算机科学与技术学院','物联网','女','16',1,'VvBnaeO4'),('1607400555','苏州大学','兆姿','计算机科学与技术学院','物联网','女','16',1,'pjrmZ4nj'),('1607400556','苏州大学','祭晓曼','计算机科学与技术学院','物联网','女','16',1,'VAPo6Ay8'),('1607400557','苏州大学','汉冷霜','计算机科学与技术学院','物联网','女','16',1,'XsfSIrhz'),('1607400558','苏州大学','岳新之','计算机科学与技术学院','物联网','女','16',1,'63wKM84B'),('1607400559','苏州大学','蒙芷云','计算机科学与技术学院','物联网','女','16',1,'yAINDRnr'),('1607400560','苏州大学','督婉秀','计算机科学与技术学院','物联网','女','16',1,'oxvI6FRS'),('1607400561','苏州大学','宦涵煦','计算机科学与技术学院','物联网','女','16',1,'QeXLLVLm'),('1607400562','苏州大学','坚欣嘉','计算机科学与技术学院','物联网','女','16',1,'dd0XsL3Y'),('1607400563','苏州大学','桓高韵','计算机科学与技术学院','物联网','女','16',1,'0uSa54AB'),('1607400564','苏州大学','实雅素','计算机科学与技术学院','物联网','女','16',1,'RhTG6LCX'),('1607400565','苏州大学','集光耀','计算机科学与技术学院','物联网','女','16',1,'PRmsGGCE'),('1607400566','苏州大学','东门夏旋','计算机科学与技术学院','物联网','女','16',1,'RoqdIzT2'),('1607400567','苏州大学','荀雪瑶','计算机科学与技术学院','物联网','女','16',1,'FPYu2CFf'),('1607400568','苏州大学','黎康健','计算机科学与技术学院','物联网','女','16',1,'cjRyB4r1'),('1607400569','苏州大学','蔚鸿光','计算机科学与技术学院','物联网','女','16',1,'taIhJtIY'),('1607400570','苏州大学','牛尔风','计算机科学与技术学院','物联网','女','16',1,'Eyho9jcG'),('1607400571','苏州大学','禽念珍','计算机科学与技术学院','物联网','女','16',1,'KdF7EpUj'),('1607400572','苏州大学','象俊友','计算机科学与技术学院','物联网','女','16',1,'iJ2LR0cZ'),('1607400573','苏州大学','沈尔丝','计算机科学与技术学院','物联网','女','16',1,'GkEpzzi9'),('1607400574','苏州大学','充友安','计算机科学与技术学院','物联网','女','16',1,'Wzk3P293'),('1607400575','苏州大学','伦茂勋','计算机科学与技术学院','物联网','女','16',1,'7XgBfG9v'),('1607400576','苏州大学','云琪','计算机科学与技术学院','物联网','女','16',1,'maGbYHwg'),('1607400577','苏州大学','禚新雪','计算机科学与技术学院','物联网','女','16',1,'6SusK6g8'),('1607400578','苏州大学','盛乐和','计算机科学与技术学院','物联网','女','16',1,'XYajlxi6'),('1607400579','苏州大学','费莫霞','计算机科学与技术学院','物联网','女','16',1,'ixEXs9QA'),('1607400580','苏州大学','铁欣德','计算机科学与技术学院','物联网','女','16',1,'onRBQyTS'),('1607400581','苏州大学','烟炳','计算机科学与技术学院','物联网','女','16',1,'s7OJJJiP'),('1607400582','苏州大学','文云臻','计算机科学与技术学院','物联网','女','16',1,'W79tAxzi'),('1607400583','苏州大学','圭霞绮','计算机科学与技术学院','物联网','女','16',1,'BDMhjoBE'),('1607400584','苏州大学','城元白','计算机科学与技术学院','物联网','女','16',1,'rkw1yjU2'),('1607400585','苏州大学','邰康安','计算机科学与技术学院','物联网','女','16',1,'1EYRJQuj'),('1607400586','苏州大学','石灵松','计算机科学与技术学院','物联网','女','16',1,'4UV9uwc1'),('1607400587','苏州大学','麻悟','计算机科学与技术学院','物联网','女','16',1,'qWCFNaCy'),('1607400588','苏州大学','旗鹏翼','计算机科学与技术学院','物联网','女','16',1,'q6tE3t5b'),('1607400589','苏州大学','修隽雅','计算机科学与技术学院','物联网','女','16',1,'hSILd2Wk'),('1607400590','苏州大学','柳红豆','计算机科学与技术学院','物联网','女','16',1,'TtTpHzYE'),('1607400591','苏州大学','邴香馨','计算机科学与技术学院','物联网','女','16',1,'W7dn4HYE'),('1607400592','苏州大学','杞秀丽','计算机科学与技术学院','物联网','女','16',1,'1LZrD9gQ'),('1607400593','苏州大学','习经','计算机科学与技术学院','物联网','女','16',1,'YT75hLir'),('1607400594','苏州大学','皇甫浩丽','计算机科学与技术学院','物联网','女','16',1,'FTd7FsNS'),('1607400595','苏州大学','袭翠岚','计算机科学与技术学院','物联网','女','16',1,'yVtcxIYT'),('1607400596','苏州大学','脱紫蕙','计算机科学与技术学院','物联网','女','16',1,'mY4GiL2j'),('1607400597','苏州大学','户飞','计算机科学与技术学院','物联网','女','16',1,'KxslwBIu'),('1607400598','苏州大学','唐明智','计算机科学与技术学院','物联网','女','16',1,'MzheRVQu'),('1607400599','苏州大学','璩麦','计算机科学与技术学院','物联网','女','16',1,'s28Blevt'),('1607400600','苏州大学','伟浩大','计算机科学与技术学院','物联网','女','16',1,'Rtf4mnoY'),('1607400601','苏州大学','镜蕴秀','计算机科学与技术学院','计算机科学与技术','男','16',1,'XY7HEPD8'),('1607400602','苏州大学','米善','计算机科学与技术学院','计算机科学与技术','男','16',1,'h2HNWXaK'),('1607400603','苏州大学','尧冷荷','计算机科学与技术学院','计算机科学与技术','男','16',1,'EXd1Xy7q'),('1607400604','苏州大学','樊景彰','计算机科学与技术学院','计算机科学与技术','男','16',1,'09k0Zm4f'),('1607400605','苏州大学','六书易','计算机科学与技术学院','计算机科学与技术','男','16',1,'SIwURcaA'),('1607400606','苏州大学','闵乐蓉','计算机科学与技术学院','计算机科学与技术','男','16',1,'XllRiNOz'),('1607400607','苏州大学','巴沛若','计算机科学与技术学院','计算机科学与技术','男','16',1,'hYNExLZH'),('1607400608','苏州大学','称鸿晖','计算机科学与技术学院','计算机科学与技术','男','16',1,'TR4icJqR'),('1607400609','苏州大学','受儿','计算机科学与技术学院','计算机科学与技术','男','16',1,'MQucGMMN'),('1607400610','苏州大学','树涵涵','计算机科学与技术学院','计算机科学与技术','男','16',1,'I93fjxQj'),('1607400611','苏州大学','果丹溪','计算机科学与技术学院','计算机科学与技术','男','16',1,'PyudixWd'),('1607400612','苏州大学','之景辉','计算机科学与技术学院','计算机科学与技术','男','16',1,'EoYyL9g9'),('1607400613','苏州大学','舜梦容','计算机科学与技术学院','计算机科学与技术','男','16',1,'c0ScWzTv'),('1607400614','苏州大学','赫连霞赩','计算机科学与技术学院','计算机科学与技术','男','16',1,'ciBZgMEa'),('1607400615','苏州大学','权奇志','计算机科学与技术学院','计算机科学与技术','男','16',1,'W3l9cjI5'),('1607400616','苏州大学','赵壮','计算机科学与技术学院','计算机科学与技术','男','16',1,'HWuXhTOg'),('1607400617','苏州大学','延痴凝','计算机科学与技术学院','计算机科学与技术','男','16',1,'M8FUAyMV'),('1607400618','苏州大学','错同','计算机科学与技术学院','计算机科学与技术','男','16',1,'JNd4Yxsy'),('1607400619','苏州大学','依怀山','计算机科学与技术学院','计算机科学与技术','男','16',1,'eu0CQ4yF'),('1607400620','苏州大学','郯婕','计算机科学与技术学院','计算机科学与技术','男','16',1,'aiOdkGoC'),('1607400621','苏州大学','靳心慈','计算机科学与技术学院','计算机科学与技术','男','16',1,'lExXQJga'),('1607400622','苏州大学','生代玉','计算机科学与技术学院','计算机科学与技术','男','16',1,'QJqAfueP'),('1607400623','苏州大学','鲁令锋','计算机科学与技术学院','计算机科学与技术','男','16',1,'aBvpMony'),('1607400624','苏州大学','况云露','计算机科学与技术学院','计算机科学与技术','男','16',1,'w6N3Cw2m'),('1607400625','苏州大学','初星波','计算机科学与技术学院','计算机科学与技术','男','16',1,'N1TNag81'),('1607400626','苏州大学','淳于妞','计算机科学与技术学院','计算机科学与技术','男','16',1,'O187nkdK'),('1607400627','苏州大学','进彭勃','计算机科学与技术学院','计算机科学与技术','男','16',1,'NGUn9Atm'),('1607400628','苏州大学','帛修','计算机科学与技术学院','计算机科学与技术','男','16',1,'8UjgMLMM'),('1607400629','苏州大学','柯松','计算机科学与技术学院','计算机科学与技术','男','16',1,'w52U4Uee'),('1607400630','苏州大学','翁沛','计算机科学与技术学院','计算机科学与技术','男','16',1,'6HE3TOIu'),('1607400631','苏州大学','资长莹','计算机科学与技术学院','计算机科学与技术','男','16',1,'auXaT05F'),('1607400632','苏州大学','泰文茵','计算机科学与技术学院','计算机科学与技术','男','16',1,'QAahnlcI'),('1607400633','苏州大学','拜痴春','计算机科学与技术学院','计算机科学与技术','男','16',1,'u4ZOS33a'),('1607400634','苏州大学','郦瑜然','计算机科学与技术学院','计算机科学与技术','男','16',1,'668zgaV9'),('1607400635','苏州大学','昔映冬','计算机科学与技术学院','计算机科学与技术','男','16',1,'UChDTFSO'),('1607400636','苏州大学','鄢谷翠','计算机科学与技术学院','计算机科学与技术','男','16',1,'wLl8E0ic'),('1607400637','苏州大学','敖玲珑','计算机科学与技术学院','计算机科学与技术','男','16',1,'5su0fsuZ'),('1607400638','苏州大学','苍浩浩','计算机科学与技术学院','计算机科学与技术','男','16',1,'VpQcYSGM'),('1607400639','苏州大学','丙诗兰','计算机科学与技术学院','计算机科学与技术','男','16',1,'VmBQEoBm'),('1607400640','苏州大学','揭晓燕','计算机科学与技术学院','计算机科学与技术','男','16',1,'Evoe0DFY'),('1607400641','苏州大学','邬景天','计算机科学与技术学院','计算机科学与技术','男','16',1,'w1jn7FpE'),('1607400642','苏州大学','涂向山','计算机科学与技术学院','计算机科学与技术','男','16',1,'UB2RGcgl'),('1607400643','苏州大学','寇夜梦','计算机科学与技术学院','计算机科学与技术','男','16',1,'Ps7tGT0i'),('1607400644','苏州大学','让梓','计算机科学与技术学院','计算机科学与技术','男','16',1,'iW5Ug19C'),('1607400645','苏州大学','道白山','计算机科学与技术学院','计算机科学与技术','男','16',1,'U3xMmvL2'),('1607400646','苏州大学','宰沛柔','计算机科学与技术学院','计算机科学与技术','男','16',1,'Ouds6etR'),('1607400647','苏州大学','牵采莲','计算机科学与技术学院','计算机科学与技术','男','16',1,'oPj4hdv5'),('1607400648','苏州大学','邝宜然','计算机科学与技术学院','计算机科学与技术','男','16',1,'OorU0mZy'),('1607400649','苏州大学','睢以彤','计算机科学与技术学院','计算机科学与技术','男','16',1,'l0uwFJYZ'),('1607400650','苏州大学','肥雨','计算机科学与技术学院','计算机科学与技术','男','16',1,'8gcjCbOm'),('1607400651','苏州大学','谯鹏涛','计算机科学与技术学院','计算机科学与技术','女','16',1,'ETLREzyr'),('1607400652','苏州大学','卯经艺','计算机科学与技术学院','计算机科学与技术','女','16',1,'iTea89xR'),('1607400653','苏州大学','独怀桃','计算机科学与技术学院','计算机科学与技术','女','16',1,'Vl40X5c8'),('1607400654','苏州大学','衷友琴','计算机科学与技术学院','计算机科学与技术','女','16',1,'xFuajVKf'),('1607400655','苏州大学','亓官嘉宝','计算机科学与技术学院','计算机科学与技术','女','16',1,'WXQ1bux9'),('1607400656','苏州大学','陀昕','计算机科学与技术学院','计算机科学与技术','女','16',1,'BfdPzkXA'),('1607400657','苏州大学','曲和硕','计算机科学与技术学院','计算机科学与技术','女','16',1,'slnnxo9r'),('1607400658','苏州大学','巫马若南','计算机科学与技术学院','计算机科学与技术','女','16',1,'TB4A4EIR'),('1607400659','苏州大学','典蓓','计算机科学与技术学院','计算机科学与技术','女','16',1,'t4x3mp36'),('1607400660','苏州大学','吾精','计算机科学与技术学院','计算机科学与技术','女','16',1,'WNWrG0O1'),('1607400661','苏州大学','勤友珊','计算机科学与技术学院','计算机科学与技术','女','16',1,'lZ4TgT6H'),('1607400662','苏州大学','牟香薇','计算机科学与技术学院','计算机科学与技术','女','16',1,'BemzDbdH'),('1607400663','苏州大学','尉庄','计算机科学与技术学院','计算机科学与技术','女','16',1,'zopFxsqD'),('1607400664','苏州大学','虞苑杰','计算机科学与技术学院','计算机科学与技术','女','16',1,'neIkZns2'),('1607400665','苏州大学','局雁芙','计算机科学与技术学院','计算机科学与技术','女','16',1,'PeqA192W'),('1607400666','苏州大学','阮如松','计算机科学与技术学院','计算机科学与技术','女','16',1,'kORiBEPF'),('1607400667','苏州大学','巨慧捷','计算机科学与技术学院','计算机科学与技术','女','16',1,'kojEd4Cj'),('1607400668','苏州大学','徐蓉城','计算机科学与技术学院','计算机科学与技术','女','16',1,'AN7KQ1sw'),('1607400669','苏州大学','仙初晴','计算机科学与技术学院','计算机科学与技术','女','16',1,'7FJM1uhf'),('1607400670','苏州大学','将初珍','计算机科学与技术学院','计算机科学与技术','女','16',1,'0f7A9SbF'),('1607400671','苏州大学','戴天骄','计算机科学与技术学院','计算机科学与技术','女','16',1,'NS6gdR5h'),('1607400672','苏州大学','庆天青','计算机科学与技术学院','计算机科学与技术','女','16',1,'sZ5u7i2a'),('1607400673','苏州大学','抄思慧','计算机科学与技术学院','计算机科学与技术','女','16',1,'mKHVtDGw'),('1607400674','苏州大学','求孤','计算机科学与技术学院','计算机科学与技术','女','16',1,'Vlc04jku'),('1607400675','苏州大学','祁涵山','计算机科学与技术学院','计算机科学与技术','女','16',1,'FQbfGj0L'),('1607400676','苏州大学','桐灿','计算机科学与技术学院','计算机科学与技术','女','16',1,'KRvYUS0z'),('1607400677','苏州大学','布博裕','计算机科学与技术学院','计算机科学与技术','女','16',1,'903PKb4z'),('1607400678','苏州大学','表承安','计算机科学与技术学院','计算机科学与技术','女','16',1,'qU56N6DZ'),('1607400679','苏州大学','汝允','计算机科学与技术学院','计算机科学与技术','女','16',1,'tonFY5ud'),('1607400680','苏州大学','刁梅风','计算机科学与技术学院','计算机科学与技术','女','16',1,'aLgYTwzq'),('1607400681','苏州大学','仆新梅','计算机科学与技术学院','计算机科学与技术','女','16',1,'g0ed5BCm'),('1607400682','苏州大学','巫海','计算机科学与技术学院','计算机科学与技术','女','16',1,'MraWJeAj'),('1607400683','苏州大学','塞小蕾','计算机科学与技术学院','计算机科学与技术','女','16',1,'Naz6S1sW'),('1607400684','苏州大学','费寄蓉','计算机科学与技术学院','计算机科学与技术','女','16',1,'L9flrAxG'),('1607400685','苏州大学','燕依云','计算机科学与技术学院','计算机科学与技术','女','16',1,'K2QAMxI4'),('1607400686','苏州大学','狂湛英','计算机科学与技术学院','计算机科学与技术','女','16',1,'rX4nyyGI'),('1607400687','苏州大学','达奇伟','计算机科学与技术学院','计算机科学与技术','女','16',1,'7lc3jkYp'),('1607400688','苏州大学','酆碧萱','计算机科学与技术学院','计算机科学与技术','女','16',1,'dg2KRqbr'),('1607400689','苏州大学','酒甘泽','计算机科学与技术学院','计算机科学与技术','女','16',1,'ASXAqMHK'),('1607400690','苏州大学','红曼雁','计算机科学与技术学院','计算机科学与技术','女','16',1,'LMokh3hE'),('1607400691','苏州大学','斐达','计算机科学与技术学院','计算机科学与技术','女','16',1,'6TxEcqKD'),('1607400692','苏州大学','百里叶','计算机科学与技术学院','计算机科学与技术','女','16',1,'m9kfDpzi'),('1607400693','苏州大学','圣昆鹏','计算机科学与技术学院','计算机科学与技术','女','16',1,'wT6HwD2H'),('1607400694','苏州大学','盘琬凝','计算机科学与技术学院','计算机科学与技术','女','16',1,'L8xwJxJ6'),('1607400695','苏州大学','愚忻乐','计算机科学与技术学院','计算机科学与技术','女','16',1,'x4bG23fn'),('1607400696','苏州大学','琦骏奇','计算机科学与技术学院','计算机科学与技术','女','16',1,'2SJtXIWU'),('1607400697','苏州大学','敏兴贤','计算机科学与技术学院','计算机科学与技术','女','16',1,'iMXCBrnG'),('1607400698','苏州大学','姒宜然','计算机科学与技术学院','计算机科学与技术','女','16',1,'90TBBAwH'),('1607400699','苏州大学','盍善静','计算机科学与技术学院','计算机科学与技术','女','16',1,'wzuakhkx'),('1607400700','苏州大学','华秀美','计算机科学与技术学院','计算机科学与技术','女','16',1,'TSBPIjch'),('1607400701','苏州大学','晋力','计算机科学与技术学院','人工智能','男','16',1,'xLcLOquX'),('1607400702','苏州大学','轩辕谷槐','计算机科学与技术学院','人工智能','男','16',1,'zjIYiZAw'),('1607400703','苏州大学','冼楚洁','计算机科学与技术学院','人工智能','男','16',1,'G2JVIXAW'),('1607400704','苏州大学','印焕','计算机科学与技术学院','人工智能','男','16',1,'fJugPCUz'),('1607400705','苏州大学','明书竹','计算机科学与技术学院','人工智能','男','16',1,'0Rjui5w4'),('1607400706','苏州大学','张浩波','计算机科学与技术学院','人工智能','男','16',1,'k4ASbN1x'),('1607400707','苏州大学','壤驷书白','计算机科学与技术学院','人工智能','男','16',1,'H2V9viNB'),('1607400708','苏州大学','莫邦','计算机科学与技术学院','人工智能','男','16',1,'bdJAehQg'),('1607400709','苏州大学','伯丹秋','计算机科学与技术学院','人工智能','男','16',1,'jDigE2Qx'),('1607400710','苏州大学','永忆柏','计算机科学与技术学院','人工智能','男','16',1,'tlEUFWQY'),('1607400711','苏州大学','肖沈','计算机科学与技术学院','人工智能','男','16',1,'c9zSfnSS'),('1607400712','苏州大学','佛亦竹','计算机科学与技术学院','人工智能','男','16',1,'l6kA2xcd'),('1607400713','苏州大学','敛寻凝','计算机科学与技术学院','人工智能','男','16',1,'kPAJYNQi'),('1607400714','苏州大学','公叔秋柔','计算机科学与技术学院','人工智能','男','16',1,'JQKxHWTh'),('1607400715','苏州大学','戢秀逸','计算机科学与技术学院','人工智能','男','16',1,'4kY0CSiO'),('1607400716','苏州大学','奈昕妤','计算机科学与技术学院','人工智能','男','16',1,'SmNVNpYY'),('1607400717','苏州大学','及涵蓄','计算机科学与技术学院','人工智能','男','16',1,'bFywgPcM'),('1607400718','苏州大学','仲孙安平','计算机科学与技术学院','人工智能','男','16',1,'GwRgt1ct'),('1607400719','苏州大学','时沛儿','计算机科学与技术学院','人工智能','男','16',1,'lF3NMF1B'),('1607400720','苏州大学','计菀柳','计算机科学与技术学院','人工智能','男','16',1,'r77XopWL'),('1607400721','苏州大学','阴恨风','计算机科学与技术学院','人工智能','男','16',1,'DEy0A68T'),('1607400722','苏州大学','穰文静','计算机科学与技术学院','人工智能','男','16',1,'jK7ZxfdG'),('1607400723','苏州大学','字梓童','计算机科学与技术学院','人工智能','男','16',1,'0yONgGLR'),('1607400724','苏州大学','贵昊东','计算机科学与技术学院','人工智能','男','16',1,'h9xUrypb'),('1607400725','苏州大学','银俊','计算机科学与技术学院','人工智能','男','16',1,'XcedD6f1'),('1607400726','苏州大学','索冷亦','计算机科学与技术学院','人工智能','男','16',1,'6sxkOwC3'),('1607400727','苏州大学','来英达','计算机科学与技术学院','人工智能','男','16',1,'q6RFW0YM'),('1607400728','苏州大学','贰晓旋','计算机科学与技术学院','人工智能','男','16',1,'zd3suhLZ'),('1607400729','苏州大学','母玉环','计算机科学与技术学院','人工智能','男','16',1,'crX9qnj4'),('1607400730','苏州大学','章佳雅媚','计算机科学与技术学院','人工智能','男','16',1,'HOXDUHZc'),('1607400731','苏州大学','贲驰颖','计算机科学与技术学院','人工智能','男','16',1,'ZgpKu81j'),('1607400732','苏州大学','谷秀媛','计算机科学与技术学院','人工智能','男','16',1,'3q0ZEtH5'),('1607400733','苏州大学','党鸿信','计算机科学与技术学院','人工智能','男','16',1,'YKxaxGFQ'),('1607400734','苏州大学','昝和雅','计算机科学与技术学院','人工智能','男','16',1,'zEuYv43t'),('1607400735','苏州大学','商方','计算机科学与技术学院','人工智能','男','16',1,'8wkAuqOB'),('1607400736','苏州大学','义向薇','计算机科学与技术学院','人工智能','男','16',1,'OJsxV4aO'),('1607400737','苏州大学','汗紫薇','计算机科学与技术学院','人工智能','男','16',1,'TTICwMKX'),('1607400738','苏州大学','励巧香','计算机科学与技术学院','人工智能','男','16',1,'SQzPIkT6'),('1607400739','苏州大学','钟嘉美','计算机科学与技术学院','人工智能','男','16',1,'vsRGPsTT'),('1607400740','苏州大学','枝嘉怡','计算机科学与技术学院','人工智能','男','16',1,'hJnEKwf7'),('1607400741','苏州大学','伊长','计算机科学与技术学院','人工智能','男','16',1,'72r5Tfy9'),('1607400742','苏州大学','祖晓瑶','计算机科学与技术学院','人工智能','男','16',1,'NFcY26yd'),('1607400743','苏州大学','系初瑶','计算机科学与技术学院','人工智能','男','16',1,'YyxduJPJ'),('1607400744','苏州大学','蹉煦','计算机科学与技术学院','人工智能','男','16',1,'shCkK93A'),('1607400745','苏州大学','幸欣','计算机科学与技术学院','人工智能','男','16',1,'TgN3sz4k'),('1607400746','苏州大学','抗闲静','计算机科学与技术学院','人工智能','男','16',1,'c5lVe2Iv'),('1607400747','苏州大学','胡幼荷','计算机科学与技术学院','人工智能','男','16',1,'HGqMUb76'),('1607400748','苏州大学','公羊荃','计算机科学与技术学院','人工智能','男','16',1,'ft9I6Sc5'),('1607400749','苏州大学','乘妍和','计算机科学与技术学院','人工智能','男','16',1,'5OPQVf1l'),('1607400750','苏州大学','疏千柔','计算机科学与技术学院','人工智能','男','16',1,'2l57AAYB'),('1607400751','苏州大学','秘翠霜','计算机科学与技术学院','人工智能','女','16',1,'gH75Avih'),('1607400752','苏州大学','梁夏柳','计算机科学与技术学院','人工智能','女','16',1,'NcSNdcbs'),('1607400753','苏州大学','龚清宁','计算机科学与技术学院','人工智能','女','16',1,'ULDO9cRB'),('1607400754','苏州大学','昂浩漫','计算机科学与技术学院','人工智能','女','16',1,'3yxpUrPT'),('1607400755','苏州大学','缪晏','计算机科学与技术学院','人工智能','女','16',1,'SuHEqNcu'),('1607400756','苏州大学','卞怀薇','计算机科学与技术学院','人工智能','女','16',1,'qyKZ82In'),('1607400757','苏州大学','勇紫南','计算机科学与技术学院','人工智能','女','16',1,'c4LxzIiA'),('1607400758','苏州大学','吕谧','计算机科学与技术学院','人工智能','女','16',1,'txtCDS9U'),('1607400759','苏州大学','开涵菱','计算机科学与技术学院','人工智能','女','16',1,'brzLM5FR'),('1607400760','苏州大学','鄂清昶','计算机科学与技术学院','人工智能','女','16',1,'OoHrv1fp'),('1607400761','苏州大学','旅和宜','计算机科学与技术学院','人工智能','女','16',1,'jHWg3HWA'),('1607400762','苏州大学','漆雕灵波','计算机科学与技术学院','人工智能','女','16',1,'akFudaFE'),('1607400763','苏州大学','嵇梓萱','计算机科学与技术学院','人工智能','女','16',1,'E93awXvY'),('1607400764','苏州大学','德晓筠','计算机科学与技术学院','人工智能','女','16',1,'bUGKG8Dc'),('1607400765','苏州大学','顾仙','计算机科学与技术学院','人工智能','女','16',1,'R8diF7nv'),('1607400766','苏州大学','贺歌阑','计算机科学与技术学院','人工智能','女','16',1,'1LWWGSss'),('1607400767','苏州大学','凭芳蔼','计算机科学与技术学院','人工智能','女','16',1,'LknFZFbI'),('1607400768','苏州大学','甲安晏','计算机科学与技术学院','人工智能','女','16',1,'5wVrpu2n'),('1607400769','苏州大学','满冰蓝','计算机科学与技术学院','人工智能','女','16',1,'2zZtljTK'),('1607400770','苏州大学','卫荏','计算机科学与技术学院','人工智能','女','16',1,'x0BCdujw'),('1607400771','苏州大学','无白','计算机科学与技术学院','人工智能','女','16',1,'we6mfmC0'),('1607400772','苏州大学','富察霞姝','计算机科学与技术学院','人工智能','女','16',1,'HfCWqzdF'),('1607400773','苏州大学','韩泽民','计算机科学与技术学院','人工智能','女','16',1,'sRofI0r7'),('1607400774','苏州大学','力文敏','计算机科学与技术学院','人工智能','女','16',1,'USn3YBEu'),('1607400775','苏州大学','仵惜玉','计算机科学与技术学院','人工智能','女','16',1,'eFK1583G'),('1607400776','苏州大学','公凯凯','计算机科学与技术学院','人工智能','女','16',1,'LaLAXqMQ'),('1607400777','苏州大学','钞施诗','计算机科学与技术学院','人工智能','女','16',1,'MeFrIRJo'),('1607400778','苏州大学','理代珊','计算机科学与技术学院','人工智能','女','16',1,'ZNMm7S9S'),('1607400779','苏州大学','薄华芝','计算机科学与技术学院','人工智能','女','16',1,'1kbwvT1o'),('1607400780','苏州大学','褒若翠','计算机科学与技术学院','人工智能','女','16',1,'lZ6DmF4N'),('1607400781','苏州大学','巢艳蕊','计算机科学与技术学院','人工智能','女','16',1,'VZ8SXe7S'),('1607400782','苏州大学','函嘉澍','计算机科学与技术学院','人工智能','女','16',1,'afNO0Wce'),('1607400783','苏州大学','桥葳','计算机科学与技术学院','人工智能','女','16',1,'ZgAPGz4Z'),('1607400784','苏州大学','越子实','计算机科学与技术学院','人工智能','女','16',1,'k3YTLTnI'),('1607400785','苏州大学','泣秀艾','计算机科学与技术学院','人工智能','女','16',1,'YkSBT59w'),('1607400786','苏州大学','王初阳','计算机科学与技术学院','人工智能','女','16',1,'SH1cVv58'),('1607400787','苏州大学','纪书双','计算机科学与技术学院','人工智能','女','16',1,'W4nLHVyX'),('1607400788','苏州大学','经从菡','计算机科学与技术学院','人工智能','女','16',1,'TGDVYDc3'),('1607400789','苏州大学','司空元绿','计算机科学与技术学院','人工智能','女','16',1,'ZUt66Smj'),('1607400790','苏州大学','清溥心','计算机科学与技术学院','人工智能','女','16',1,'HBBIzXQ2'),('1607400791','苏州大学','奇溪蓝','计算机科学与技术学院','人工智能','女','16',1,'MFdQ9Ts7'),('1607400792','苏州大学','鄞傲安','计算机科学与技术学院','人工智能','女','16',1,'T4F8dHsC'),('1607400793','苏州大学','池永贞','计算机科学与技术学院','人工智能','女','16',1,'h9D33vr8'),('1607400794','苏州大学','蒯子琪','计算机科学与技术学院','人工智能','女','16',1,'GnmkbsYW'),('1607400795','苏州大学','闳微澜','计算机科学与技术学院','人工智能','女','16',1,'aO2i2WPN'),('1607400796','苏州大学','戈沛槐','计算机科学与技术学院','人工智能','女','16',1,'xzuwLI8T'),('1607400797','苏州大学','年叶舞','计算机科学与技术学院','人工智能','女','16',1,'i5jFCnO0'),('1607400798','苏州大学','弘小霜','计算机科学与技术学院','人工智能','女','16',1,'zpfsxAEU'),('1607400799','苏州大学','营雅容','计算机科学与技术学院','人工智能','女','16',1,'il6yktOq'),('1607400800','苏州大学','旁晓丝','计算机科学与技术学院','人工智能','女','16',1,'bWPxStdY'),('1607400801','苏州大学','原弘扬','计算机科学与技术学院','网络空间与安全','男','16',1,'5tAtAETN'),('1607400802','苏州大学','嬴宇','计算机科学与技术学院','网络空间与安全','男','16',1,'mFw4pcQi'),('1607400803','苏州大学','淡尔云','计算机科学与技术学院','网络空间与安全','男','16',1,'ALI3OJzV'),('1607400804','苏州大学','宣娟巧','计算机科学与技术学院','网络空间与安全','男','16',1,'5IAKmugq'),('1607400805','苏州大学','赧玉轩','计算机科学与技术学院','网络空间与安全','男','16',1,'0DgHcgiY'),('1607400806','苏州大学','溥余妍','计算机科学与技术学院','网络空间与安全','男','16',1,'QNn55MAf'),('1607400807','苏州大学','程英悟','计算机科学与技术学院','网络空间与安全','男','16',1,'Ue97P8Bs'),('1607400808','苏州大学','图门文宣','计算机科学与技术学院','网络空间与安全','男','16',1,'gphC5p2f'),('1607400809','苏州大学','宓晓兰','计算机科学与技术学院','网络空间与安全','男','16',1,'Bka7JoJU'),('1607400810','苏州大学','康慧心','计算机科学与技术学院','网络空间与安全','男','16',1,'fGyf97Yr'),('1607400811','苏州大学','丁雪羽','计算机科学与技术学院','网络空间与安全','男','16',1,'GQlLUIVV'),('1607400812','苏州大学','糜芸儿','计算机科学与技术学院','网络空间与安全','男','16',1,'7QK8MDqU'),('1607400813','苏州大学','仉高杰','计算机科学与技术学院','网络空间与安全','男','16',1,'pWBASxhO'),('1607400814','苏州大学','刀笑柳','计算机科学与技术学院','网络空间与安全','男','16',1,'YulP7Yjo'),('1607400815','苏州大学','朋格格','计算机科学与技术学院','网络空间与安全','男','16',1,'CS5078pK'),('1607400816','苏州大学','戊弘','计算机科学与技术学院','网络空间与安全','男','16',1,'5teyMgkQ'),('1607400817','苏州大学','邱雪曼','计算机科学与技术学院','网络空间与安全','男','16',1,'Q5ojPQ60'),('1607400818','苏州大学','谢寒香','计算机科学与技术学院','网络空间与安全','男','16',1,'KLwshjrf'),('1607400819','苏州大学','濯天工','计算机科学与技术学院','网络空间与安全','男','16',1,'Ag9QjDIG'),('1607400820','苏州大学','顿颖初','计算机科学与技术学院','网络空间与安全','男','16',1,'V3rf4DRM'),('1607400821','苏州大学','毛雅洁','计算机科学与技术学院','网络空间与安全','男','16',1,'mglbrUer'),('1607400822','苏州大学','殷姣','计算机科学与技术学院','网络空间与安全','男','16',1,'IyjCszYU'),('1607400823','苏州大学','革白梅','计算机科学与技术学院','网络空间与安全','男','16',1,'EeOzG8ll'),('1607400824','苏州大学','丑苍','计算机科学与技术学院','网络空间与安全','男','16',1,'ffhm3RmD'),('1607400825','苏州大学','茅觅柔','计算机科学与技术学院','网络空间与安全','男','16',1,'WlkV7noG'),('1607400826','苏州大学','少涵映','计算机科学与技术学院','网络空间与安全','男','16',1,'AEcejHXP'),('1607400827','苏州大学','建秋柔','计算机科学与技术学院','网络空间与安全','男','16',1,'W87qYFOJ'),('1607400828','苏州大学','舒迎梅','计算机科学与技术学院','网络空间与安全','男','16',1,'5mjqvSOg'),('1607400829','苏州大学','迟天玉','计算机科学与技术学院','网络空间与安全','男','16',1,'YI6MUuZl'),('1607400830','苏州大学','淦弘光','计算机科学与技术学院','网络空间与安全','男','16',1,'VMLDLDwV'),('1607400831','苏州大学','墨浩慨','计算机科学与技术学院','网络空间与安全','男','16',1,'jeLjDKHy'),('1607400832','苏州大学','留嘉年','计算机科学与技术学院','网络空间与安全','男','16',1,'PdOE9LKB'),('1607400833','苏州大学','毓悦远','计算机科学与技术学院','网络空间与安全','男','16',1,'KqXjxJZB'),('1607400834','苏州大学','章靖柏','计算机科学与技术学院','网络空间与安全','男','16',1,'zMBWtsxP'),('1607400835','苏州大学','宾巧兰','计算机科学与技术学院','网络空间与安全','男','16',1,'JbcvhJ8v'),('1607400836','苏州大学','禾平婉','计算机科学与技术学院','网络空间与安全','男','16',1,'0mV8f7Gr'),('1607400837','苏州大学','熊芳蕙','计算机科学与技术学院','网络空间与安全','男','16',1,'0hQWhYlA'),('1607400838','苏州大学','怀彦杉','计算机科学与技术学院','网络空间与安全','男','16',1,'z6vMufIn'),('1607400839','苏州大学','喜子悦','计算机科学与技术学院','网络空间与安全','男','16',1,'HI3cTyNM'),('1607400840','苏州大学','鱼高岑','计算机科学与技术学院','网络空间与安全','男','16',1,'sE4NJAId'),('1607400841','苏州大学','镇业','计算机科学与技术学院','网络空间与安全','男','16',1,'PUfnHvmZ'),('1607400842','苏州大学','郝凌青','计算机科学与技术学院','网络空间与安全','男','16',1,'uGnXFHbF'),('1607400843','苏州大学','洋珍','计算机科学与技术学院','网络空间与安全','男','16',1,'dR1sNl8s'),('1607400844','苏州大学','尾希慕','计算机科学与技术学院','网络空间与安全','男','16',1,'wCZUgHC4'),('1607400845','苏州大学','祝萍雅','计算机科学与技术学院','网络空间与安全','男','16',1,'mrJnrs0L'),('1607400846','苏州大学','谭怜容','计算机科学与技术学院','网络空间与安全','男','16',1,'qAIdKgfT'),('1607400847','苏州大学','元芳懿','计算机科学与技术学院','网络空间与安全','男','16',1,'mbfZWS1s'),('1607400848','苏州大学','盖飇','计算机科学与技术学院','网络空间与安全','男','16',1,'3bLhTeaU'),('1607400849','苏州大学','锺离从蓉','计算机科学与技术学院','网络空间与安全','男','16',1,'MYqgxqpT'),('1607400850','苏州大学','闫奇思','计算机科学与技术学院','网络空间与安全','男','16',1,'1K0qAQK2'),('1607400851','苏州大学','宫北嘉','计算机科学与技术学院','网络空间与安全','女','16',1,'7XDEYTAu'),('1607400852','苏州大学','泥翼','计算机科学与技术学院','网络空间与安全','女','16',1,'3bKj37SX'),('1607400853','苏州大学','匡安娴','计算机科学与技术学院','网络空间与安全','女','16',1,'J0zTvji4'),('1607400854','苏州大学','衡浩穰','计算机科学与技术学院','网络空间与安全','女','16',1,'wcNpWcL0'),('1607400855','苏州大学','终静娴','计算机科学与技术学院','网络空间与安全','女','16',1,'PrqlDR6f'),('1607400856','苏州大学','夏侯康震','计算机科学与技术学院','网络空间与安全','女','16',1,'4lkZMbOO'),('1607400857','苏州大学','荤香芹','计算机科学与技术学院','网络空间与安全','女','16',1,'gAiUMAt7'),('1607400858','苏州大学','安铃语','计算机科学与技术学院','网络空间与安全','女','16',1,'gEai3E15'),('1607400859','苏州大学','刑雁桃','计算机科学与技术学院','网络空间与安全','女','16',1,'xesSGGXL'),('1607400860','苏州大学','单古兰','计算机科学与技术学院','网络空间与安全','女','16',1,'hM6JvDmo'),('1607400861','苏州大学','南宫文轩','计算机科学与技术学院','网络空间与安全','女','16',1,'Zs1NVuFm'),('1607400862','苏州大学','赏秀筠','计算机科学与技术学院','网络空间与安全','女','16',1,'PBQQQRFa'),('1607400863','苏州大学','慕容女','计算机科学与技术学院','网络空间与安全','女','16',1,'ju2pzbOQ'),('1607400864','苏州大学','乌凌文','计算机科学与技术学院','网络空间与安全','女','16',1,'pp51Iodr'),('1607400865','苏州大学','闻人兰蕙','计算机科学与技术学院','网络空间与安全','女','16',1,'9pelCsAv'),('1607400866','苏州大学','耿昊然','计算机科学与技术学院','网络空间与安全','女','16',1,'B1F1aFcG'),('1607400867','苏州大学','谬音韵','计算机科学与技术学院','网络空间与安全','女','16',1,'UtNGMNBG'),('1607400868','苏州大学','辟明艳','计算机科学与技术学院','网络空间与安全','女','16',1,'PfhGjatV'),('1607400869','苏州大学','钮仪','计算机科学与技术学院','网络空间与安全','女','16',1,'dzxlEPol'),('1607400870','苏州大学','麦元基','计算机科学与技术学院','网络空间与安全','女','16',1,'IUGWxGZK'),('1607400871','苏州大学','呼延泽洋','计算机科学与技术学院','网络空间与安全','女','16',1,'9FjqzG9n'),('1607400872','苏州大学','剧子亦','计算机科学与技术学院','网络空间与安全','女','16',1,'xibGC4Pm'),('1607400873','苏州大学','仍澍','计算机科学与技术学院','网络空间与安全','女','16',1,'F0AxFVaM'),('1607400874','苏州大学','禹荌','计算机科学与技术学院','网络空间与安全','女','16',1,'oXn7m1bo'),('1607400875','苏州大学','秦初阳','计算机科学与技术学院','网络空间与安全','女','16',1,'rG6LWHCm'),('1607400876','苏州大学','项尧','计算机科学与技术学院','网络空间与安全','女','16',1,'hKhKz0bY'),('1607400877','苏州大学','乔芸若','计算机科学与技术学院','网络空间与安全','女','16',1,'aeTxRbkp'),('1607400878','苏州大学','潜心香','计算机科学与技术学院','网络空间与安全','女','16',1,'YtAg1lSS'),('1607400879','苏州大学','居和璧','计算机科学与技术学院','网络空间与安全','女','16',1,'uEoF6CWs'),('1607400880','苏州大学','常扬','计算机科学与技术学院','网络空间与安全','女','16',1,'5IsYiY0L'),('1607400881','苏州大学','羽米琪','计算机科学与技术学院','网络空间与安全','女','16',1,'QkZJ376l'),('1607400882','苏州大学','雍小溪','计算机科学与技术学院','网络空间与安全','女','16',1,'CzPX5vot'),('1607400883','苏州大学','金霞姝','计算机科学与技术学院','网络空间与安全','女','16',1,'IoUg7xDe'),('1607400884','苏州大学','检博达','计算机科学与技术学院','网络空间与安全','女','16',1,'6CdOKsEX'),('1607400885','苏州大学','阚旭','计算机科学与技术学院','网络空间与安全','女','16',1,'x2A8Q4ZS'),('1607400886','苏州大学','悟凌晴','计算机科学与技术学院','网络空间与安全','女','16',1,'D3o7Wfr8'),('1607400887','苏州大学','弭虹彩','计算机科学与技术学院','网络空间与安全','女','16',1,'N7Co7enU'),('1607400888','苏州大学','藤怀玉','计算机科学与技术学院','网络空间与安全','女','16',1,'IZ4ia6vk'),('1607400889','苏州大学','陶问柳','计算机科学与技术学院','网络空间与安全','女','16',1,'aFD5wKI5'),('1607400890','苏州大学','尔宇达','计算机科学与技术学院','网络空间与安全','女','16',1,'r9Pnz1qN'),('1607400891','苏州大学','第五逸馨','计算机科学与技术学院','网络空间与安全','女','16',1,'q622ISTF'),('1607400892','苏州大学','针韦曲','计算机科学与技术学院','网络空间与安全','女','16',1,'gNiGPf0L'),('1607400893','苏州大学','裴听枫','计算机科学与技术学院','网络空间与安全','女','16',1,'VdmwrFOB'),('1607400894','苏州大学','飞学林','计算机科学与技术学院','网络空间与安全','女','16',1,'noDSVWLu'),('1607400895','苏州大学','娄寄文','计算机科学与技术学院','网络空间与安全','女','16',1,'XK2XRQWd'),('1607400896','苏州大学','苑忻愉','计算机科学与技术学院','网络空间与安全','女','16',1,'I5UMw82q'),('1607400897','苏州大学','阿怀寒','计算机科学与技术学院','网络空间与安全','女','16',1,'zy516yRF'),('1607400898','苏州大学','堂项禹','计算机科学与技术学院','网络空间与安全','女','16',1,'CSEKHBY3'),('1607400899','苏州大学','于陶然','计算机科学与技术学院','网络空间与安全','女','16',1,'Vh5nBFCW'),('1607400900','苏州大学','翠萌阳','计算机科学与技术学院','网络空间与安全','女','16',1,'ezJNMaRy'),('1607400901','苏州大学','宗成仁','计算机科学与技术学院','信息管理','男','16',1,'d9NwzPfb'),('1607400902','苏州大学','曹语晨','计算机科学与技术学院','信息管理','男','16',1,'KxcFAH3Y'),('1607400903','苏州大学','浦飞燕','计算机科学与技术学院','信息管理','男','16',1,'oXtG7lmm'),('1607400904','苏州大学','慈惠然','计算机科学与技术学院','信息管理','男','16',1,'D1dBSY8N'),('1607400905','苏州大学','丛天路','计算机科学与技术学院','信息管理','男','16',1,'vtWNbQvJ'),('1607400906','苏州大学','上官祺然','计算机科学与技术学院','信息管理','男','16',1,'zON5xWlT'),('1607400907','苏州大学','穆勇毅','计算机科学与技术学院','信息管理','男','16',1,'3tJuD8wG'),('1607400908','苏州大学','楼天薇','计算机科学与技术学院','信息管理','男','16',1,'JS1Uar7J'),('1607400909','苏州大学','爱香薇','计算机科学与技术学院','信息管理','男','16',1,'b5RAyo3Q'),('1607400910','苏州大学','素伟晔','计算机科学与技术学院','信息管理','男','16',1,'uJIPFXUx'),('1607400911','苏州大学','浑清霁','计算机科学与技术学院','信息管理','男','16',1,'OPsqFgoR'),('1607400912','苏州大学','桑问兰','计算机科学与技术学院','信息管理','男','16',1,'Pe9WMGDD'),('1607400913','苏州大学','言颖','计算机科学与技术学院','信息管理','男','16',1,'8sqkIJnV'),('1607400914','苏州大学','荣秀兰','计算机科学与技术学院','信息管理','男','16',1,'NwZQoxmi'),('1607400915','苏州大学','箕悦欣','计算机科学与技术学院','信息管理','男','16',1,'OoEzFOp2'),('1607400916','苏州大学','孔颖颖','计算机科学与技术学院','信息管理','男','16',1,'zFTjwNbS'),('1607400917','苏州大学','辜辰阳','计算机科学与技术学院','信息管理','男','16',1,'uy0G99Nz'),('1607400918','苏州大学','员思枫','计算机科学与技术学院','信息管理','男','16',1,'hoYZCe8K'),('1607400919','苏州大学','皮彬郁','计算机科学与技术学院','信息管理','男','16',1,'5jSoAWxv'),('1607400920','苏州大学','危君雅','计算机科学与技术学院','信息管理','男','16',1,'lRcqddHP'),('1607400921','苏州大学','蓬鸿煊','计算机科学与技术学院','信息管理','男','16',1,'57iYpQ2f'),('1607400922','苏州大学','台寻雪','计算机科学与技术学院','信息管理','男','16',1,'dzopa27P'),('1607400923','苏州大学','朱丹南','计算机科学与技术学院','信息管理','男','16',1,'eIcqODog'),('1607400924','苏州大学','迮慧美','计算机科学与技术学院','信息管理','男','16',1,'B8QLsjS0'),('1607400925','苏州大学','惠惜梦','计算机科学与技术学院','信息管理','男','16',1,'zxAnBbPg'),('1607400926','苏州大学','郗秀慧','计算机科学与技术学院','信息管理','男','16',1,'4tubcjJI'),('1607400927','苏州大学','杭皎','计算机科学与技术学院','信息管理','男','16',1,'n9OIbfi8'),('1607400928','苏州大学','韶智杰','计算机科学与技术学院','信息管理','男','16',1,'IKODseMB'),('1607400929','苏州大学','冒嫣','计算机科学与技术学院','信息管理','男','16',1,'h0DbbCWv'),('1607400930','苏州大学','守听荷','计算机科学与技术学院','信息管理','男','16',1,'4Hi0TtX5'),('1607400931','苏州大学','类浩宕','计算机科学与技术学院','信息管理','男','16',1,'DGJKqgqJ'),('1607400932','苏州大学','普裕','计算机科学与技术学院','信息管理','男','16',1,'B6Ilx68W'),('1607400933','苏州大学','招千','计算机科学与技术学院','信息管理','男','16',1,'ClOpQn0H'),('1607400934','苏州大学','司徒芳菲','计算机科学与技术学院','信息管理','男','16',1,'V5gjj8uf'),('1607400935','苏州大学','仲文敏','计算机科学与技术学院','信息管理','男','16',1,'U62McLzg'),('1607400936','苏州大学','隐蕴秀','计算机科学与技术学院','信息管理','男','16',1,'736oQKzk'),('1607400937','苏州大学','在妙婧','计算机科学与技术学院','信息管理','男','16',1,'hYygmkn6'),('1607400938','苏州大学','庾菡梅','计算机科学与技术学院','信息管理','男','16',1,'EfllZ4s3'),('1607400939','苏州大学','用誉','计算机科学与技术学院','信息管理','男','16',1,'qnBUaAVX'),('1607400940','苏州大学','接煊','计算机科学与技术学院','信息管理','男','16',1,'J4MtQes6'),('1607400941','苏州大学','畅玲琳','计算机科学与技术学院','信息管理','男','16',1,'88Oseu92'),('1607400942','苏州大学','菅冬亦','计算机科学与技术学院','信息管理','男','16',1,'XpQ49mY6'),('1607400943','苏州大学','江启','计算机科学与技术学院','信息管理','男','16',1,'O7WEvMIS'),('1607400944','苏州大学','御海莹','计算机科学与技术学院','信息管理','男','16',1,'kbSkeN8l'),('1607400945','苏州大学','山敏智','计算机科学与技术学院','信息管理','男','16',1,'M9GA0F6r'),('1607400946','苏州大学','贸蔚','计算机科学与技术学院','信息管理','男','16',1,'dgSrIYWp'),('1607400947','苏州大学','童瓃','计算机科学与技术学院','信息管理','男','16',1,'YKTzGpzc'),('1607400948','苏州大学','植卉','计算机科学与技术学院','信息管理','男','16',1,'IR0Qth6e'),('1607400949','苏州大学','高哲','计算机科学与技术学院','信息管理','男','16',1,'PcFCostF'),('1607400950','苏州大学','闾丘驰文','计算机科学与技术学院','信息管理','男','16',1,'puPooEhh'),('1607400951','苏州大学','能和安','计算机科学与技术学院','信息管理','女','16',1,'fHcS7h9A'),('1607400952','苏州大学','卢翔宇','计算机科学与技术学院','信息管理','女','16',1,'C4olPrLv'),('1607400953','苏州大学','庞嘉言','计算机科学与技术学院','信息管理','女','16',1,'knoReBfN'),('1607400954','苏州大学','夫冰冰','计算机科学与技术学院','信息管理','女','16',1,'9MUVLgvl'),('1607400955','苏州大学','宰父融','计算机科学与技术学院','信息管理','女','16',1,'YpllPJs1'),('1607400956','苏州大学','步梓婷','计算机科学与技术学院','信息管理','女','16',1,'10vJMdjJ'),('1607400957','苏州大学','蒲觅丹','计算机科学与技术学院','信息管理','女','16',1,'naUIUvzt'),('1607400958','苏州大学','粘妙双','计算机科学与技术学院','信息管理','女','16',1,'MLmbmB7y'),('1607400959','苏州大学','謇靓影','计算机科学与技术学院','信息管理','女','16',1,'ns8IlUSs'),('1607400960','苏州大学','万俟瑜敏','计算机科学与技术学院','信息管理','女','16',1,'guO9aAFG'),('1607400961','苏州大学','马永怡','计算机科学与技术学院','信息管理','女','16',1,'MKaB7jIN'),('1607400962','苏州大学','鲜冰海','计算机科学与技术学院','信息管理','女','16',1,'10FlMWiJ'),('1607400963','苏州大学','召陶','计算机科学与技术学院','信息管理','女','16',1,'PscJ9ZXN'),('1607400964','苏州大学','闭妙梦','计算机科学与技术学院','信息管理','女','16',1,'cHHcYubO'),('1607400965','苏州大学','覃会欣','计算机科学与技术学院','信息管理','女','16',1,'Z3zmB2ED'),('1607400966','苏州大学','郎柔婉','计算机科学与技术学院','信息管理','女','16',1,'CJ4NrcEm'),('1607400967','苏州大学','考思嫒','计算机科学与技术学院','信息管理','女','16',1,'Clsn3QSO'),('1607400968','苏州大学','零银','计算机科学与技术学院','信息管理','女','16',1,'RBlvCVUi'),('1607400969','苏州大学','笃妙珍','计算机科学与技术学院','信息管理','女','16',1,'WHXvycUk'),('1607400970','苏州大学','甄云露','计算机科学与技术学院','信息管理','女','16',1,'7G0h2CCc'),('1607400971','苏州大学','谈蕙兰','计算机科学与技术学院','信息管理','女','16',1,'fQV3RnFH'),('1607400972','苏州大学','候淑惠','计算机科学与技术学院','信息管理','女','16',1,'4dCEzqeW'),('1607400973','苏州大学','随丹','计算机科学与技术学院','信息管理','女','16',1,'yPUU33uu'),('1607400974','苏州大学','化淑贞','计算机科学与技术学院','信息管理','女','16',1,'BaVUKyuQ'),('1607400975','苏州大学','何优悠','计算机科学与技术学院','信息管理','女','16',1,'496SPOiA'),('1607400976','苏州大学','回鸿朗','计算机科学与技术学院','信息管理','女','16',1,'PeeSdcaL'),('1607400977','苏州大学','栋智刚','计算机科学与技术学院','信息管理','女','16',1,'TSHZIjJc'),('1607400978','苏州大学','弥英奕','计算机科学与技术学院','信息管理','女','16',1,'YQe18weF'),('1607400979','苏州大学','声觅双','计算机科学与技术学院','信息管理','女','16',1,'y02HLGJy'),('1607400980','苏州大学','麴梓云','计算机科学与技术学院','信息管理','女','16',1,'Kkz56pqA'),('1607400981','苏州大学','拓跋天赋','计算机科学与技术学院','信息管理','女','16',1,'K1Yl6QKc'),('1607400982','苏州大学','塔宏深','计算机科学与技术学院','信息管理','女','16',1,'2tPRCbhu'),('1607400983','苏州大学','皋义','计算机科学与技术学院','信息管理','女','16',1,'btaAp8To'),('1607400984','苏州大学','包密如','计算机科学与技术学院','信息管理','女','16',1,'5x8AmP2d'),('1607400985','苏州大学','载腾','计算机科学与技术学院','信息管理','女','16',1,'PUbHN9Rf'),('1607400986','苏州大学','扬谷玉','计算机科学与技术学院','信息管理','女','16',1,'qSz6fxC1'),('1607400987','苏州大学','劳娅静','计算机科学与技术学院','信息管理','女','16',1,'jFfUfpE6'),('1607400988','苏州大学','乌雅思敏','计算机科学与技术学院','信息管理','女','16',1,'fq4bQwPs'),('1607400989','苏州大学','庹安国','计算机科学与技术学院','信息管理','女','16',1,'kv4lLzF9'),('1607400990','苏州大学','本含巧','计算机科学与技术学院','信息管理','女','16',1,'RYWMmJj8'),('1607400991','苏州大学','景文栋','计算机科学与技术学院','信息管理','女','16',1,'xG98K7D1'),('1607400992','苏州大学','许怜雪','计算机科学与技术学院','信息管理','女','16',1,'9flenxSq'),('1607400993','苏州大学','濮阳巍昂','计算机科学与技术学院','信息管理','女','16',1,'CwCPY6sg'),('1607400994','苏州大学','伏明旭','计算机科学与技术学院','信息管理','女','16',1,'cdVmDEpj'),('1607400995','苏州大学','夔菁','计算机科学与技术学院','信息管理','女','16',1,'PS96BQfE'),('1607400996','苏州大学','屈漪','计算机科学与技术学院','信息管理','女','16',1,'dwabguQ4'),('1607400997','苏州大学','邵淑华','计算机科学与技术学院','信息管理','女','16',1,'XAheGoab'),('1607400998','苏州大学','东格','计算机科学与技术学院','信息管理','女','16',1,'ABBZurVp'),('1607400999','苏州大学','夕璎玑','计算机科学与技术学院','信息管理','女','16',1,'ZIIWqMVm'),('1607401000','苏州大学','苟彭薄','计算机科学与技术学院','信息管理','女','16',1,'SUts50lA'),('a','苏州大学','a','a','a','男','a',0,'11111111');
/*!40000 ALTER TABLE `用户信息表` ENABLE KEYS */;
UNLOCK TABLES;

--
-- Table structure for table `管理员信息表`
--

DROP TABLE IF EXISTS `管理员信息表`;
/*!40101 SET @saved_cs_client     = @@character_set_client */;
/*!40101 SET character_set_client = utf8 */;
CREATE TABLE `管理员信息表` (
  `管理员号` varchar(255) NOT NULL,
  `学校` varchar(255) DEFAULT NULL,
  `姓名` varchar(255) DEFAULT NULL,
  `密码` varchar(255) DEFAULT NULL,
  `职务` varchar(255) DEFAULT NULL,
  PRIMARY KEY (`管理员号`),
  KEY `学校` (`学校`)
) ENGINE=InnoDB DEFAULT CHARSET=utf8;
/*!40101 SET character_set_client = @saved_cs_client */;

--
-- Dumping data for table `管理员信息表`
--

LOCK TABLES `管理员信息表` WRITE;
/*!40000 ALTER TABLE `管理员信息表` DISABLE KEYS */;
INSERT INTO `管理员信息表` VALUES ('202001001','苏州大学','刘舒璇','11111111','苏州大学教务部主任');
/*!40000 ALTER TABLE `管理员信息表` ENABLE KEYS */;
UNLOCK TABLES;

--
-- Table structure for table `订单信息表`
--

DROP TABLE IF EXISTS `订单信息表`;
/*!40101 SET @saved_cs_client     = @@character_set_client */;
/*!40101 SET character_set_client = utf8 */;
CREATE TABLE `订单信息表` (
  `订单编号` bigint(255) NOT NULL AUTO_INCREMENT,
  `交易单号` varchar(255) DEFAULT NULL,
  `交易金额` decimal(12,2) unsigned DEFAULT NULL,
  `创建时间` datetime NOT NULL,
  `支付期限` datetime DEFAULT NULL,
  `学号` varchar(255) NOT NULL,
  `订单支付状态` varchar(255) NOT NULL,
  `支付失败原因` varchar(255) DEFAULT NULL,
  `支付渠道` varchar(255) DEFAULT NULL,
  `支付时间` datetime DEFAULT NULL,
  PRIMARY KEY (`订单编号`),
  KEY `订单对应的学号` (`学号`),
  CONSTRAINT `订单对应的学号` FOREIGN KEY (`学号`) REFERENCES `用户信息表` (`学号`)
) ENGINE=InnoDB AUTO_INCREMENT=10000382 DEFAULT CHARSET=utf8;
/*!40101 SET character_set_client = @saved_cs_client */;

--
-- Dumping data for table `订单信息表`
--

LOCK TABLES `订单信息表` WRITE;
/*!40000 ALTER TABLE `订单信息表` DISABLE KEYS */;
INSERT INTO `订单信息表` VALUES (10000001,'4200000491202001305487795163',126.00,'2020-03-20 00:00:00','2020-04-22 00:00:00','1607400001','1',NULL,'微信支付','2020-01-02 00:00:00'),(10000002,'2020020529020841700121541858',89.00,'2020-03-20 00:00:00','2020-04-22 00:00:00','1607400002','0','缴费超时，订单失效',NULL,NULL),(10000003,'2020020529020841700121541859',414.00,'2020-03-20 00:00:00','2020-04-22 00:00:00','1607400003','0','银行卡余额不足','银联支付',NULL),(10000004,'2020020529020841700121541860',414.00,'2020-03-20 00:00:00','2020-04-22 00:00:00','1607400004','1',NULL,'银联支付','2020-01-02 00:00:00'),(10000005,'2020020529020841700121541861',414.00,'2020-03-20 00:00:00','2020-04-22 00:00:00','1607400005','0','缴费超时，订单失效',NULL,NULL),(10000006,'2020020529020841700121541862',414.00,'2020-03-20 00:00:00','2020-04-22 00:00:00','1607400006','1',NULL,'微信支付','2020-01-02 00:00:00'),(10000007,'2020020529020841700121541863',276.00,'2020-03-20 00:00:00','2020-04-22 00:00:00','1607400007','0','缴费超时，订单失效',NULL,NULL),(10000008,'2020020529020841700121541864',414.00,'2020-03-20 00:00:00','2020-04-22 00:00:00','1607400008','1',NULL,'银联支付','2020-01-02 00:00:00'),(10000009,'2020020529020841700121541865',414.00,'2020-03-20 00:00:00','2020-04-22 00:00:00','1607400009','1',NULL,'银联支付','2020-01-02 00:00:00'),(10000010,'2020020529020841700121541866',414.00,'2020-03-20 00:00:00','2020-04-22 00:00:00','1607400010','0','缴费超时，订单失效',NULL,NULL),(10000011,'2020020529020841700121541867',414.00,'2020-03-20 00:00:00','2020-04-22 00:00:00','1607400001','1',NULL,'微信支付','2020-01-02 00:00:00'),(10000012,'2020020529020841700121541868',276.00,'2020-03-20 00:00:00','2020-04-22 00:00:00','1607400012','0','缴费超时，订单失效',NULL,NULL),(10000013,'2020020529020841700121541869',564.00,'2020-03-20 00:00:00','2020-04-22 00:00:00','1607400013','0','银行卡余额不足','银联支付',NULL),(10000014,'2020020529020841700121541870',564.00,'2020-03-20 00:00:00','2020-04-22 00:00:00','1607400014','1',NULL,'银联支付','2020-01-02 00:00:00'),(10000015,'2020020529020841700121541871',564.00,'2020-03-20 00:00:00','2020-04-22 00:00:00','1607400015','1',NULL,'微信支付','2020-01-02 00:00:00'),(10000016,'2020020529020841700121541872',564.00,'2020-03-20 00:00:00','2020-04-22 00:00:00','1607400016','0','缴费超时，订单失效',NULL,NULL),(10000017,'2020020529020841700121541873',376.00,'2020-03-20 00:00:00','2020-04-22 00:00:00','1607400017','1',NULL,'微信支付','2020-01-02 00:00:00'),(10000018,'2020020529020841700121541874',564.00,'2020-03-20 00:00:00','2020-04-22 00:00:00','1607400018','1',NULL,'银联支付','2020-01-02 00:00:00'),(10000019,'2020020529020841700121541875',564.00,'2020-03-20 00:00:00','2020-04-22 00:00:00','1607400019','0','缴费超时，订单失效',NULL,NULL),(10000020,'2020020529020841700121541876',564.00,'2020-03-20 00:00:00','2020-04-22 00:00:00','1607400020','1',NULL,'微信支付','2020-01-02 00:00:00'),(10000021,'2020020529020841700121541877',564.00,'2020-03-20 00:00:00','2020-04-22 00:00:00','1607400021','1',NULL,'微信支付','2020-01-02 00:00:00'),(10000022,'2020020529020841700121541878',376.00,'2020-03-20 00:00:00','2020-04-22 00:00:00','1607400022','0','缴费超时，订单失效',NULL,NULL),(10000023,'2020020529020841700121541879',600.00,'2020-03-20 00:00:00','2020-04-22 00:00:00','1607400023','1',NULL,'微信支付','2020-01-02 00:00:00'),(10000024,'2020020529020841700121541880',600.00,'2020-03-20 00:00:00','2020-04-22 00:00:00','1607400024','1',NULL,'银联支付','2020-01-02 00:00:00'),(10000025,'2020020529020841700121541881',600.00,'2020-03-20 00:00:00','2020-04-22 00:00:00','1607400025','0','缴费超时，订单失效',NULL,NULL),(10000026,'2020020529020841700121541882',600.00,'2020-03-20 00:00:00','2020-04-22 00:00:00','1607400026','1',NULL,'微信支付','2020-01-02 00:00:00'),(10000027,'2020020529020841700121541883',400.00,'2020-03-20 00:00:00','2020-04-22 00:00:00','1607400027','0','缴费超时，订单失效',NULL,NULL),(10000028,'2020020529020841700121541884',600.00,'2020-03-20 00:00:00','2020-04-22 00:00:00','1607400028','1',NULL,'银联支付','2020-01-02 00:00:00'),(10000029,'2020020529020841700121541885',600.00,'2020-03-20 00:00:00','2020-04-22 00:00:00','1607400029','1',NULL,'银联支付','2020-01-02 00:00:00'),(10000030,'2020020529020841700121541886',600.00,'2020-03-20 00:00:00','2020-04-22 00:00:00','1607400030','0','缴费超时，订单失效',NULL,NULL),(10000031,'2020020529020841700121541887',600.00,'2020-03-20 00:00:00','2020-04-22 00:00:00','1607400031','1',NULL,'微信支付','2020-01-02 00:00:00'),(10000032,'2020020529020841700121541888',400.00,'2020-03-20 00:00:00','2020-04-22 00:00:00','1607400032','0','缴费超时，订单失效',NULL,NULL),(10000033,'2020020529020841700121541889',227.07,'2020-03-20 00:00:00','2020-04-22 00:00:00','1607400033','0','银行卡余额不足','银联支付',NULL),(10000034,'2020020529020841700121541890',2400.00,'2020-03-20 00:00:00','2020-04-22 00:00:00','1607400034','1',NULL,'银联支付','2020-01-02 00:00:00'),(10000035,'2020020529020841700121541891',3572.94,'2020-03-20 00:00:00','2020-04-22 00:00:00','1607400035','1',NULL,'微信支付','2020-01-02 00:00:00'),(10000036,'2020020529020841700121541892',119.86,'2020-03-20 00:00:00','2020-04-22 00:00:00','1607400036','0','缴费超时，订单失效',NULL,NULL),(10000037,'2020020529020841700121541893',113.17,'2020-03-20 00:00:00','2020-04-22 00:00:00','1607400037','1',NULL,'银联支付','2020-01-02 00:00:00'),(10000038,'2020020529020841700121541894',225.84,'2020-03-20 00:00:00','2020-04-22 00:00:00','1607400038','1',NULL,'银联支付','2020-01-02 00:00:00'),(10000039,'2020020529020841700121541895',145.55,'2020-03-20 00:00:00','2020-04-22 00:00:00','1607400039','0','缴费超时，订单失效',NULL,NULL),(10000040,'2020020529020841700121541896',156.40,'2020-03-20 00:00:00','2020-04-22 00:00:00','1607400040','1',NULL,'微信支付','2020-01-02 00:00:00'),(10000041,'2020020529020841700121541897',204.48,'2020-03-20 00:00:00','2020-04-22 00:00:00','1607400041','1',NULL,'微信支付','2020-01-02 00:00:00'),(10000042,'2020020529020841700121541898',146.21,'2020-03-20 00:00:00','2020-04-22 00:00:00','1607400042','0','缴费超时，订单失效',NULL,NULL),(10000043,'2020020529020841700121541899',208.41,'2020-03-20 00:00:00','2020-04-22 00:00:00','1607400043','1',NULL,'银联支付','2020-01-02 00:00:00'),(10000044,'2020020529020841700121541900',181.23,'2020-03-20 00:00:00','2020-04-22 00:00:00','1607400044','1',NULL,'银联支付','2020-01-02 00:00:00'),(10000045,'2020020529020841700121541901',115.04,'2020-03-20 00:00:00','2020-04-22 00:00:00','1607400045','0','缴费超时，订单失效',NULL,NULL),(10000046,'2020020529020841700121541902',147.11,'2020-03-20 00:00:00','2020-04-22 00:00:00','1607400046','1',NULL,'微信支付','2020-01-02 00:00:00'),(10000047,'2020020529020841700121541903',120.24,'2020-03-20 00:00:00','2020-04-22 00:00:00','1607400047','0','缴费超时，订单失效',NULL,NULL),(10000048,'2020020529020841700121541904',163.20,'2020-03-20 00:00:00','2020-04-22 00:00:00','1607400048','1',NULL,'银联支付','2020-01-02 00:00:00'),(10000049,'2020020529020841700121541905',166.77,'2020-03-20 00:00:00','2020-04-22 00:00:00','1607400049','1',NULL,'银联支付','2020-01-02 00:00:00'),(10000050,'2020020529020841700121541906',207.53,'2020-03-20 00:00:00','2020-04-22 00:00:00','1607400050','0','缴费超时，订单失效',NULL,NULL),(10000051,'2020020529020841700121541907',174.85,'2020-03-20 00:00:00','2020-04-22 00:00:00','1607400051','1',NULL,'微信支付','2020-01-02 00:00:00'),(10000052,'2020020529020841700121541908',139.59,'2020-03-20 00:00:00','2020-04-22 00:00:00','1607400052','0','缴费超时，订单失效',NULL,NULL),(10000053,'2020020529020841700121541909',180.14,'2020-03-20 00:00:00','2020-04-22 00:00:00','1607400053','1',NULL,'银联支付','2020-01-02 00:00:00'),(10000054,'2020020529020841700121541910',192.70,'2020-03-20 00:00:00','2020-04-22 00:00:00','1607400054','1',NULL,'银联支付','2020-01-02 00:00:00'),(10000055,'2020020529020841700121541911',166.44,'2020-03-20 00:00:00','2020-04-22 00:00:00','1607400055','1',NULL,'微信支付','2020-01-02 00:00:00'),(10000056,'2020020529020841700121541912',198.17,'2020-03-20 00:00:00','2020-04-22 00:00:00','1607400056','0','缴费超时，订单失效',NULL,NULL),(10000057,'2020020529020841700121541913',83.27,'2020-03-20 00:00:00','2020-04-22 00:00:00','1607400057','1',NULL,'银联支付','2020-01-02 00:00:00'),(10000058,'2020020529020841700121541914',103.27,'2020-03-20 00:00:00','2020-04-22 00:00:00','1607400058','1',NULL,'银联支付','2020-01-02 00:00:00'),(10000059,'2020020529020841700121541915',240.83,'2020-03-20 00:00:00','2020-04-22 00:00:00','1607400059','0','缴费超时，订单失效',NULL,NULL),(10000060,'2020020529020841700121541916',150.04,'2020-03-20 00:00:00','2020-04-22 00:00:00','1607400060','1',NULL,'微信支付','2020-01-02 00:00:00'),(10000061,'2020020529020841700121541917',123.41,'2020-03-20 00:00:00','2020-04-22 00:00:00','1607400061','1',NULL,'微信支付','2020-01-02 00:00:00'),(10000062,'2020020529020841700121541918',114.37,'2020-03-20 00:00:00','2020-04-22 00:00:00','1607400062','0','缴费超时，订单失效',NULL,NULL),(10000063,'2020020529020841700121541919',155.22,'2020-03-20 00:00:00','2020-04-22 00:00:00','1607400063','1',NULL,'银联支付','2020-01-02 00:00:00'),(10000064,'2020020529020841700121541920',188.40,'2020-03-20 00:00:00','2020-04-22 00:00:00','1607400064','1',NULL,'银联支付','2020-01-02 00:00:00'),(10000065,'2020020529020841700121541921',186.15,'2020-03-20 00:00:00','2020-04-22 00:00:00','1607400065','0','缴费超时，订单失效',NULL,NULL),(10000066,'2020020529020841700121541922',151.33,'2020-03-20 00:00:00','2020-04-22 00:00:00','1607400066','1',NULL,'微信支付','2020-01-02 00:00:00'),(10000067,'2020020529020841700121541923',136.27,'2020-03-20 00:00:00','2020-04-22 00:00:00','1607400067','0','缴费超时，订单失效',NULL,NULL),(10000068,'2020020529020841700121541924',146.76,'2020-03-20 00:00:00','2020-04-22 00:00:00','1607400068','0','银行卡余额不足','银联支付',NULL),(10000069,'2020020529020841700121541925',110.36,'2020-03-20 00:00:00','2020-04-22 00:00:00','1607400069','1',NULL,'银联支付','2020-01-02 00:00:00'),(10000070,'2020020529020841700121541926',143.88,'2020-03-20 00:00:00','2020-04-22 00:00:00','1607400070','0','缴费超时，订单失效',NULL,NULL),(10000071,'2020020529020841700121541927',116.37,'2020-03-20 00:00:00','2020-04-22 00:00:00','1607400071','1',NULL,'微信支付','2020-01-02 00:00:00'),(10000072,'2020020529020841700121541928',143.93,'2020-03-20 00:00:00','2020-04-22 00:00:00','1607400072','0','缴费超时，订单失效',NULL,NULL),(10000073,'2020020529020841700121541929',119.76,'2020-03-20 00:00:00','2020-04-22 00:00:00','1607400073','1',NULL,'银联支付','2020-01-02 00:00:00'),(10000074,'2020020529020841700121541930',230.67,'2020-03-20 00:00:00','2020-04-22 00:00:00','1607400074','1',NULL,'银联支付','2020-01-02 00:00:00'),(10000075,'2020020529020841700121541931',218.39,'2020-03-20 00:00:00','2020-04-22 00:00:00','1607400075','1',NULL,'微信支付','2020-01-02 00:00:00'),(10000076,'2020020529020841700121541932',165.07,'2020-03-20 00:00:00','2020-04-22 00:00:00','1607400076','0','缴费超时，订单失效',NULL,NULL),(10000077,'2020020529020841700121541933',106.01,'2020-03-20 00:00:00','2020-04-22 00:00:00','1607400077','1',NULL,'银联支付','2020-01-02 00:00:00'),(10000078,'2020020529020841700121541934',181.97,'2020-03-20 00:00:00','2020-04-22 00:00:00','1607400078','1',NULL,'银联支付','2020-01-02 00:00:00'),(10000079,'2020020529020841700121541935',96.37,'2020-03-20 00:00:00','2020-04-22 00:00:00','1607400079','0','缴费超时，订单失效',NULL,NULL),(10000080,'2020020529020841700121541936',142.19,'2020-03-20 00:00:00','2020-04-22 00:00:00','1607400080','1',NULL,'微信支付','2020-01-02 00:00:00'),(10000081,'2020020529020841700121541937',169.20,'2020-03-20 00:00:00','2020-04-22 00:00:00','1607400081','1',NULL,'微信支付','2020-01-02 00:00:00'),(10000082,'2020020529020841700121541938',88.16,'2020-03-20 00:00:00','2020-04-22 00:00:00','1607400082','0','缴费超时，订单失效',NULL,NULL),(10000083,'2020020529020841700121541939',211.58,'2020-03-20 00:00:00','2020-04-22 00:00:00','1607400083','1',NULL,'银联支付','2020-01-02 00:00:00'),(10000084,'2020020529020841700121541940',243.58,'2020-03-20 00:00:00','2020-04-22 00:00:00','1607400084','1',NULL,'银联支付','2020-01-02 00:00:00'),(10000085,'2020020529020841700121541941',146.43,'2020-03-20 00:00:00','2020-04-22 00:00:00','1607400085','0','缴费超时，订单失效',NULL,NULL),(10000086,'2020020529020841700121541942',223.20,'2020-03-20 00:00:00','2020-04-22 00:00:00','1607400086','1',NULL,'微信支付','2020-01-02 00:00:00'),(10000087,'2020020529020841700121541943',115.21,'2020-03-20 00:00:00','2020-04-22 00:00:00','1607400087','0','缴费超时，订单失效',NULL,NULL),(10000088,'2020020529020841700121541944',169.40,'2020-03-20 00:00:00','2020-04-22 00:00:00','1607400088','1',NULL,'银联支付','2020-01-02 00:00:00'),(10000089,'2020020529020841700121541945',129.14,'2020-03-20 00:00:00','2020-04-22 00:00:00','1607400089','1',NULL,'银联支付','2020-01-02 00:00:00'),(10000090,'2020020529020841700121541946',196.43,'2020-03-20 00:00:00','2020-04-22 00:00:00','1607400090','0','缴费超时，订单失效',NULL,NULL),(10000091,'2020020529020841700121541947',207.87,'2020-03-20 00:00:00','2020-04-22 00:00:00','1607400091','1',NULL,'微信支付','2020-01-02 00:00:00'),(10000092,'2020020529020841700121541948',111.79,'2020-03-20 00:00:00','2020-04-22 00:00:00','1607400092','0','缴费超时，订单失效',NULL,NULL),(10000093,'2020020529020841700121541949',186.01,'2020-03-20 00:00:00','2020-04-22 00:00:00','1607400093','1',NULL,'支付宝支付','2020-01-02 00:00:00'),(10000094,'2020020529020841700121541950',133.82,'2020-03-20 00:00:00','2020-04-22 00:00:00','1607400094','1',NULL,'银联支付','2020-01-02 00:00:00'),(10000095,'2020020529020841700121541951',107.60,'2020-03-20 00:00:00','2020-04-22 00:00:00','1607400095','1',NULL,'微信支付','2020-01-02 00:00:00'),(10000096,'2020020529020841700121541952',184.66,'2020-03-20 00:00:00','2020-04-22 00:00:00','1607400096','0','缴费超时，订单失效',NULL,NULL),(10000097,'2020020529020841700121541953',101.18,'2020-03-20 00:00:00','2020-04-22 00:00:00','1607400097','1',NULL,'支付宝支付','2020-01-02 00:00:00'),(10000098,'2020020529020841700121541954',265.04,'2020-03-20 00:00:00','2020-04-22 00:00:00','1607400098','1',NULL,'银联支付','2020-01-02 00:00:00'),(10000100,'2020020529020841700121541956',164.52,'2020-03-20 00:00:00','2020-04-22 00:00:00','1607400100','1',NULL,'微信支付','2020-01-02 00:00:00'),(10000101,'2020020529020841700121541957',14.30,'2020-02-28 00:00:00','2020-03-29 00:00:00','1607400001','0','缴费超时，订单失效','',NULL),(10000102,'2020020529020841700121541958',34.70,'2020-02-28 00:00:00','2020-03-29 00:00:00','1607400001','0','缴费超时，订单失效','',NULL),(10000103,'2020020529020841700121541959',1500.00,'2020-02-28 00:00:00','2020-03-29 00:00:00','1607400001','0','缴费超时，订单失效','',NULL),(10000104,'2020020529020841700121541960',625.20,'2020-02-28 00:00:00','2020-03-29 00:00:00','1607400001','0','缴费超时，订单失效','',NULL),(10000110,'2020032115847963970345331236',215.00,'2020-03-21 21:13:17','2020-03-23 21:13:17','1607400001','0','缴费超时，订单失效',NULL,NULL),(10000139,'2020041515869497198077245310',NULL,'2020-04-15 19:21:59','2020-04-16 00:00:00','1607400001','0','缴费超时，订单失效',NULL,NULL),(10000140,'2020041515869497198077245310',NULL,'2020-04-15 19:21:59','2020-04-16 00:00:00','1607400002','0','缴费超时，订单失效',NULL,NULL),(10000147,'2020041515869585753582078315',NULL,'2020-04-15 21:49:35','2020-04-16 00:00:00','1607400001','0','缴费超时，订单失效',NULL,NULL),(10000148,'2020041515869585753582078315',NULL,'2020-04-15 21:49:35','2020-04-16 00:00:00','1607400002','0','缴费超时，订单失效',NULL,NULL),(10000149,'2020041515869586827172815565',NULL,'2020-04-15 21:51:22','2020-04-16 00:00:00','1607400001','0','缴费超时，订单失效',NULL,NULL),(10000150,'2020041515869586827172815565',NULL,'2020-04-15 21:51:22','2020-04-16 00:00:00','1607400002','0','缴费超时，订单失效',NULL,NULL),(10000154,'2020041715871124154642268475',158.00,'2020-04-17 16:33:35','2020-04-18 00:00:00','1607400003','0','缴费超时，订单失效',NULL,NULL),(10000155,'2020041715871124154642268475',158.00,'2020-04-17 16:33:35','2020-04-18 00:00:00','1607400004','0','缴费超时，订单失效',NULL,NULL),(10000161,'2020041815871956551465717169',66.50,'2020-04-18 15:40:55','2020-04-20 15:40:55','1607400001','1',NULL,'模拟银联支付','2020-04-18 15:41:07'),(10000162,'2020041815871966005732876540',66.50,'2020-04-18 15:56:40','2020-04-20 15:56:40','1607400001','1',NULL,'模拟银联支付','2020-04-18 22:00:10'),(10000163,'2020041815872185925035526583',196.00,'2020-04-18 22:03:12','2020-04-20 22:03:12','1607400001','1',NULL,'模拟银联支付','2020-04-18 22:07:43'),(10000164,'2020041815872195517571034460',56.00,'2020-04-18 22:19:11','2020-04-20 22:19:11','1607400001','0','余额不足','模拟银联支付',NULL),(10000165,'2020041815872197174462543429',231.00,'2020-04-18 22:21:57','2020-04-20 22:21:57','1607400001','0','余额不足','模拟银联支付',NULL),(10000166,'2020041815872204729244840549',56.00,'2020-04-18 22:34:32','2020-04-20 22:34:32','1607400001','0','余额不足','模拟银联支付',NULL),(10000167,'2020041815872205624608152239',126.00,'2020-04-18 22:36:02','2020-04-20 22:36:02','1607400001','0','余额不足','模拟银联支付',NULL),(10000168,'2020041915872975268597342186',56.00,'2020-04-19 19:58:46','2020-04-21 19:58:46','1607400001','0','余额不足','模拟银联支付',NULL),(10000169,'2020041915872994253025884952',200.00,'2020-04-19 20:30:25','2020-04-21 20:30:25','1607400001','0','余额不足','模拟银联支付',NULL),(10000182,'2020042415877246137362575234',NULL,'2020-04-24 18:36:53','2020-04-25 00:00:00','1607400003','0','缴费超时，订单失效',NULL,NULL),(10000183,'2020042415877246137362575234',NULL,'2020-04-24 18:36:53','2020-04-25 00:00:00','1607400004','0','缴费超时，订单失效',NULL,NULL),(10000184,'2020042415877246137362575234',NULL,'2020-04-24 18:36:53','2020-04-25 00:00:00','1607400005','0','缴费超时，订单失效',NULL,NULL),(10000188,'2020042415877248733061235538',NULL,'2020-04-24 18:41:13','2020-04-25 00:00:00','1607400003','0','缴费超时，订单失效',NULL,NULL),(10000189,'2020042415877248733061235538',NULL,'2020-04-24 18:41:13','2020-04-25 00:00:00','1607400004','0','缴费超时，订单失效',NULL,NULL),(10000190,'2020042415877248733061235538',NULL,'2020-04-24 18:41:13','2020-04-25 00:00:00','1607400005','0','缴费超时，订单失效',NULL,NULL),(10000191,'2020042415877249523067380516',NULL,'2020-04-24 18:42:32','2020-04-25 00:00:00','1607400003','0','缴费超时，订单失效',NULL,NULL),(10000192,'2020042415877249523067380516',NULL,'2020-04-24 18:42:32','2020-04-25 00:00:00','1607400004','0','缴费超时，订单失效',NULL,NULL),(10000193,'2020042415877249523067380516',NULL,'2020-04-24 18:42:32','2020-04-25 00:00:00','1607400005','0','缴费超时，订单失效',NULL,NULL),(10000194,'2020042415877255021545096264',NULL,'2020-04-24 18:51:42','2020-04-25 00:00:00','1607400003','0','缴费超时，订单失效',NULL,NULL),(10000195,'2020042415877255021545096264',NULL,'2020-04-24 18:51:42','2020-04-25 00:00:00','1607400004','0','缴费超时，订单失效',NULL,NULL),(10000196,'2020042415877255021545096264',NULL,'2020-04-24 18:51:42','2020-04-25 00:00:00','1607400005','0','缴费超时，订单失效',NULL,NULL),(10000200,'2020042415877264500967349750',NULL,'2020-04-24 19:07:30','2020-04-25 00:00:00','1607400003','0','缴费超时，订单失效',NULL,NULL),(10000201,'2020042415877264500967349750',NULL,'2020-04-24 19:07:30','2020-04-25 00:00:00','1607400004','0','缴费超时，订单失效',NULL,NULL),(10000202,'2020042415877264500967349750',NULL,'2020-04-24 19:07:30','2020-04-25 00:00:00','1607400005','0','缴费超时，订单失效',NULL,NULL),(10000206,'2020042415877276819931709024',NULL,'2020-04-24 19:28:01','2020-04-25 00:00:00','1607400003','0','缴费超时，订单失效',NULL,NULL),(10000207,'2020042415877276819931709024',NULL,'2020-04-24 19:28:01','2020-04-25 00:00:00','1607400004','0','缴费超时，订单失效',NULL,NULL),(10000208,'2020042415877276819931709024',NULL,'2020-04-24 19:28:01','2020-04-25 00:00:00','1607400005','0','缴费超时，订单失效',NULL,NULL),(10000288,'2020042515877997870426641857',NULL,'2020-04-25 15:29:47','2020-04-26 00:00:00','1607400003','0','缴费超时，订单失效',NULL,NULL),(10000289,'2020042515877997870426641857',NULL,'2020-04-25 15:29:47','2020-04-26 00:00:00','1607400004','0','缴费超时，订单失效',NULL,NULL),(10000290,'2020042515878005536426753716',NULL,'2020-04-25 15:42:33','2020-04-26 00:00:00','1607400003','0','缴费超时，订单失效',NULL,NULL),(10000291,'2020042515878005536426753716',NULL,'2020-04-25 15:42:33','2020-04-26 00:00:00','1607400004','0','缴费超时，订单失效',NULL,NULL),(10000292,'2020042515878009696454978027',NULL,'2020-04-25 15:49:29','2020-04-26 00:00:00','1607400003','0','缴费超时，订单失效',NULL,NULL),(10000293,'2020042515878009696454978027',NULL,'2020-04-25 15:49:29','2020-04-26 00:00:00','1607400004','0','缴费超时，订单失效',NULL,NULL),(10000306,'2020042515878026434534302394',NULL,'2020-04-25 16:17:23','2020-04-26 00:00:00','1607400003','0','缴费超时，订单失效',NULL,NULL),(10000307,'2020042515878026434534302394',NULL,'2020-04-25 16:17:23','2020-04-26 00:00:00','1607400004','0','缴费超时，订单失效',NULL,NULL),(10000314,'2020042515878036228048256082',NULL,'2020-04-25 16:33:42','2020-04-26 00:00:00','1607400003','0','缴费超时，订单失效',NULL,NULL),(10000315,'2020042515878036228048256082',NULL,'2020-04-25 16:33:42','2020-04-26 00:00:00','1607400004','0','缴费超时，订单失效',NULL,NULL),(10000316,'2020042515878038834063980163',NULL,'2020-04-25 16:38:03','2020-04-26 00:00:00','1607400003','0','缴费超时，订单失效',NULL,NULL),(10000317,'2020042515878038834063980163',NULL,'2020-04-25 16:38:03','2020-04-26 00:00:00','1607400004','0','缴费超时，订单失效',NULL,NULL),(10000320,'2020042515878057225848412728',NULL,'2020-04-25 17:08:42','2020-04-26 00:00:00','1607400003','0','缴费超时，订单失效',NULL,NULL),(10000321,'2020042515878057225848412728',NULL,'2020-04-25 17:08:42','2020-04-26 00:00:00','1607400004','0','缴费超时，订单失效',NULL,NULL),(10000358,'2020042515878189062383807934',NULL,'2020-04-25 20:48:26','2020-04-26 00:00:00','1607400003','0','缴费超时，订单失效',NULL,NULL),(10000359,'2020042515878189062383807934',NULL,'2020-04-25 20:48:26','2020-04-26 00:00:00','1607400004','0','缴费超时，订单失效',NULL,NULL),(10000360,'2020042515878189940765574777',NULL,'2020-04-25 20:49:54','2020-04-26 00:00:00','1607400003','0','缴费超时，订单失效',NULL,NULL),(10000361,'2020042515878189940765574777',NULL,'2020-04-25 20:49:54','2020-04-26 00:00:00','1607400004','0','缴费超时，订单失效',NULL,NULL),(10000362,'2020042515878190604188345269',NULL,'2020-04-25 20:51:00','2020-04-26 00:00:00','1607400003','0','缴费超时，订单失效',NULL,NULL),(10000363,'2020042515878190604188345269',NULL,'2020-04-25 20:51:00','2020-04-26 00:00:00','1607400004','0','缴费超时，订单失效',NULL,NULL),(10000364,'2020042515878191413441695925',NULL,'2020-04-25 20:52:21','2020-04-26 00:00:00','1607400003','0','缴费超时，订单失效',NULL,NULL),(10000365,'2020042515878191413441695925',NULL,'2020-04-25 20:52:21','2020-04-26 00:00:00','1607400004','0','缴费超时，订单失效',NULL,NULL),(10000366,'2020042515878191970327304706',NULL,'2020-04-25 20:53:17','2020-04-26 00:00:00','1607400003','0','缴费超时，订单失效',NULL,NULL),(10000367,'2020042515878191970327304706',NULL,'2020-04-25 20:53:17','2020-04-26 00:00:00','1607400004','0','缴费超时，订单失效',NULL,NULL),(10000370,'2020042515878196776285461034',NULL,'2020-04-25 21:01:17','2020-04-26 00:00:00','1607400003','0','缴费超时，订单失效',NULL,NULL),(10000371,'2020042515878196776285461034',NULL,'2020-04-25 21:01:17','2020-04-26 00:00:00','1607400004','0','缴费超时，订单失效',NULL,NULL),(10000376,'2020042515878207333848577861',1760.00,'2020-04-25 21:18:53','2020-04-26 00:00:00','1607400003','0','缴费超时，订单失效',NULL,NULL),(10000377,'2020042515878207333848577861',1760.00,'2020-04-25 21:18:53','2020-04-26 00:00:00','1607400004','0','缴费超时，订单失效',NULL,NULL),(10000378,'2020042715879965203949815420',112.50,'2020-04-27 22:08:40','2020-04-29 22:08:40','1607400001','1',NULL,'模拟银联支付','2020-04-27 22:30:38'),(10000379,'2020042715879978544962490063',56.00,'2020-04-27 22:30:54','2020-04-29 22:30:54','1607400001','0','余额不足','模拟银联支付',NULL),(10000380,'2020042815880551148625286707',3.50,'2020-04-28 14:25:14','2020-04-30 14:25:14','1607400001','1',NULL,'模拟银联支付','2020-04-28 14:36:15'),(10000381,'2022050816520231441931077696',50.00,'2022-05-08 23:19:04','2022-05-10 23:19:04','1607400001','0','余额不足','模拟银联支付',NULL);
/*!40000 ALTER TABLE `订单信息表` ENABLE KEYS */;
UNLOCK TABLES;

--
-- Table structure for table `进货表`
--

DROP TABLE IF EXISTS `进货表`;
/*!40101 SET @saved_cs_client     = @@character_set_client */;
/*!40101 SET character_set_client = utf8 */;
CREATE TABLE `进货表` (
  `采购编号` varchar(255) NOT NULL,
  `金额` decimal(12,2) DEFAULT NULL,
  `供应商商户号` varchar(255) NOT NULL,
  `供应商名称` varchar(255) DEFAULT NULL,
  `集团编号` varchar(255) NOT NULL,
  PRIMARY KEY (`采购编号`),
  KEY `进货对应的供应商商户号` (`供应商商户号`),
  KEY `进货对应的集团号` (`集团编号`),
  CONSTRAINT `进货对应的供应商商户号` FOREIGN KEY (`供应商商户号`) REFERENCES `商户信息表` (`商户代码`)
) ENGINE=InnoDB DEFAULT CHARSET=utf8;
/*!40101 SET character_set_client = @saved_cs_client */;

--
-- Dumping data for table `进货表`
--

LOCK TABLES `进货表` WRITE;
/*!40000 ALTER TABLE `进货表` DISABLE KEYS */;
INSERT INTO `进货表` VALUES ('C000001',9168.50,'A00001','明光牛奶','10000001'),('C000002',76328.00,'A00002','美琳服饰','10000002'),('C000003',44.00,'A00001','明光牛奶','10000001'),('C000004',276.00,'A00002','美琳服饰','10000002'),('C000005',200.00,'A00003','齐彤电力','10000003'),('C000006',3000.00,'A00004','东吴物业','10000004');
/*!40000 ALTER TABLE `进货表` ENABLE KEYS */;
UNLOCK TABLES;
/*!40103 SET TIME_ZONE=@OLD_TIME_ZONE */;

/*!40101 SET SQL_MODE=@OLD_SQL_MODE */;
/*!40014 SET FOREIGN_KEY_CHECKS=@OLD_FOREIGN_KEY_CHECKS */;
/*!40014 SET UNIQUE_CHECKS=@OLD_UNIQUE_CHECKS */;
/*!40101 SET CHARACTER_SET_CLIENT=@OLD_CHARACTER_SET_CLIENT */;
/*!40101 SET CHARACTER_SET_RESULTS=@OLD_CHARACTER_SET_RESULTS */;
/*!40101 SET COLLATION_CONNECTION=@OLD_COLLATION_CONNECTION */;
/*!40111 SET SQL_NOTES=@OLD_SQL_NOTES */;

-- Dump completed on 2023-03-11 20:04:47
